item_id,order_id,product_id,quantity,unit_price,discount_percent
ITEM00001,ORD00564,PROD0315,1,10734,49
ITEM00002,ORD00652,PROD0003,1,54152,18
ITEM00003,ORD00483,PROD0475,5,28732,11
ITEM00004,ORD00066,PROD0135,2,24503,10
ITEM00005,ORD00624,PROD0020,4,26456,78
ITEM00006,ORD00672,PROD0267,3,46835,76
ITEM00007,ORD00059,PROD0485,2,42162,63
ITEM00008,ORD00450,PROD0006,2,55942,84
ITEM00009,ORD00531,PROD0147,2,2402,100
ITEM00010,ORD00614,PROD0262,5,45973,29
ITEM00011,ORD00630,PROD0087,1,23775,30
ITEM00012,ORD00671,PROD0001,2,5891,35
ITEM00013,ORD00410,PROD0181,4,26771,75
ITEM00014,ORD00206,PROD0266,1,48495,90
ITEM00015,ORD00071,PROD0471,1,36218,36
ITEM00016,ORD00573,PROD0469,5,23012,44
ITEM00017,ORD00284,PROD0116,5,12948,58
ITEM00018,ORD00414,PROD0295,1,17311,22
ITEM00019,ORD00417,PROD0260,1,36810,9
ITEM00020,ORD00516,PROD0151,3,7868,65
ITEM00021,ORD00264,PROD0449,5,53490,73
ITEM00022,ORD00257,PROD0356,4,24912,72
ITEM00023,ORD00496,PROD0395,2,49841,43
ITEM00024,ORD00470,PROD0349,4,58954,75
ITEM00025,ORD00029,PROD0247,1,17096,8
ITEM00026,ORD00392,PROD0325,2,44562,89
ITEM00027,ORD00236,PROD0410,3,27228,45
ITEM00028,ORD00529,PROD0275,1,46128,33
ITEM00029,ORD00255,PROD0148,1,26344,86
ITEM00030,ORD00351,PROD0039,5,11897,60
ITEM00031,ORD00322,PROD0182,2,58809,73
ITEM00032,ORD00276,PROD0094,2,32902,94
ITEM00033,ORD00205,PROD0121,2,57396,33
ITEM00034,ORD00212,PROD0118,2,54918,31
ITEM00035,ORD00634,PROD0183,2,51248,13
ITEM00036,ORD00123,PROD0472,1,44490,84
ITEM00037,ORD00505,PROD0315,1,50285,69
ITEM00038,ORD00044,PROD0435,4,24526,79
ITEM00039,ORD00323,PROD0253,5,57135,35
ITEM00040,ORD00503,PROD0094,5,18567,50
ITEM00041,ORD00228,PROD0385,5,8604,6
ITEM00042,ORD00539,PROD0410,4,31547,69
ITEM00043,ORD00034,PROD0258,3,26002,87
ITEM00044,ORD00179,PROD0235,1,45960,66
ITEM00045,ORD00472,PROD0162,1,974,86
ITEM00046,ORD00216,PROD0195,5,6802,41
ITEM00047,ORD00371,PROD0314,3,12465,70
ITEM00048,ORD00270,PROD0122,3,31090,78
ITEM00049,ORD00352,PROD0188,2,32887,54
ITEM00050,ORD00216,PROD0215,3,24125,51
ITEM00051,ORD00287,PROD0231,-2,37647,16
ITEM00052,ORD00590,PROD0352,2,53558,12
ITEM00053,ORD00277,PROD0412,2,36594,55
ITEM00054,ORD00391,PROD0101,2,52631,94
ITEM00055,ORD00154,PROD0243,1,11774,53
ITEM00056,ORD00512,PROD0069,5,35195,92
ITEM00057,ORD00324,PROD0403,4,19863,32
ITEM00058,ORD00576,PROD0440,5,3326,50
ITEM00059,ORD00102,PROD0354,2,4134,27
ITEM00060,ORD00261,PROD0244,1,29681,95
ITEM00061,ORD00343,PROD0134,3,23813,71
ITEM00062,ORD00571,PROD0478,3,22753,2
ITEM00063,ORD00422,PROD0063,3,57043,86
ITEM00064,ORD00621,PROD0102,5,37941,83
ITEM00065,ORD00665,PROD0276,2,51338,36
ITEM00066,ORD00364,PROD0167,5,32148,99
ITEM00067,ORD00458,PROD0456,1,25173,78
ITEM00068,ORD00294,PROD0238,2,57102,21
ITEM00069,ORD00656,PROD0414,3,27844,80
ITEM00070,ORD00628,PROD0293,4,55833,9
ITEM00071,ORD00082,PROD0083,3,15156,40
ITEM00072,ORD00325,PROD0335,3,46758,34
ITEM00073,ORD00620,PROD0331,4,17976,56
ITEM00074,ORD00372,PROD0383,5,34340,57
ITEM00075,ORD00424,PROD0086,2,56181,2
ITEM00076,ORD00129,PROD0373,2,43586,32
ITEM00077,ORD00082,PROD0108,2,26220,13
ITEM00078,ORD00098,PROD0033,4,36142,6
ITEM00079,ORD00027,PROD0395,4,34539,97
ITEM00080,ORD00086,PROD0054,3,40707,19
ITEM00081,ORD00087,PROD0336,4,20474,29
ITEM00082,ORD00254,PROD0378,3,29242,80
ITEM00083,ORD00130,PROD0068,5,55153,21
ITEM00084,ORD00030,PROD0018,3,56585,41
ITEM00085,ORD00488,PROD0240,5,18052,70
ITEM00086,ORD00456,PROD0070,-4,11802,75
ITEM00087,ORD00612,PROD0234,5,28706,67
ITEM00088,ORD00656,PROD0328,5,20493,44
ITEM00089,ORD00494,PROD0277,2,52937,11
ITEM00090,ORD00453,PROD0158,3,27214,33
ITEM00091,ORD00160,PROD0156,-3,206,66
ITEM00092,ORD00140,PROD0177,3,30949,68
ITEM00093,ORD00009,PROD0353,4,49710,61
ITEM00094,ORD00307,PROD0005,4,52495,37
ITEM00095,ORD00612,PROD0119,1,36127,47
ITEM00096,ORD00194,PROD0211,5,28846,50
ITEM00097,ORD00256,PROD0084,4,54491,48
ITEM00098,ORD00226,PROD0135,1,27871,80
ITEM00099,ORD00246,PROD0265,5,53125,88
ITEM00100,ORD00279,PROD0146,5,53206,34
ITEM00101,ORD00423,PROD0097,1,12154,17
ITEM00102,ORD00297,PROD0057,4,40683,57
ITEM00103,ORD00279,PROD0359,5,32443,24
ITEM00104,ORD00329,PROD0010,2,3452,68
ITEM00105,ORD00023,PROD0096,1,18688,34
ITEM00106,ORD00129,PROD0367,4,47851,1
ITEM00107,ORD00239,PROD0047,2,1165,63
ITEM00108,ORD00223,PROD0176,4,20619,100
ITEM00109,ORD00511,PROD0191,4,45874,4
ITEM00110,ORD00339,PROD0042,2,3872,34
ITEM00111,ORD00402,PROD0037,5,31011,23
ITEM00112,ORD00197,PROD0459,3,53759,48
ITEM00113,ORD00013,PROD0063,-5,25418,98
ITEM00114,ORD00454,PROD0127,1,13253,58
ITEM00115,ORD00097,PROD0267,2,31187,49
ITEM00116,ORD00698,PROD0493,3,21372,20
ITEM00117,ORD00645,PROD0373,1,49006,70
ITEM00118,ORD00534,PROD0063,3,31737,81
ITEM00119,ORD00306,PROD0102,3,58364,6
ITEM00120,ORD00683,PROD0112,1,15664,81
ITEM00121,ORD00445,PROD0167,1,11168,35
ITEM00122,ORD00599,PROD0062,4,51917,31
ITEM00123,ORD00010,PROD0497,1,38281,100
ITEM00124,ORD00487,PROD0353,5,10357,47
ITEM00125,ORD00092,PROD0128,2,32962,11
ITEM00126,ORD00634,PROD0174,1,4117,45
ITEM00127,ORD00661,PROD0079,5,52069,13
ITEM00128,ORD00129,PROD0250,2,20957,71
ITEM00129,ORD00661,PROD0388,3,52990,56
ITEM00130,ORD00198,PROD0011,4,23672,92
ITEM00131,ORD00138,PROD0129,1,32004,90
ITEM00132,ORD00449,PROD0287,3,35768,89
ITEM00133,ORD00502,PROD0098,5,12430,69
ITEM00134,ORD00357,PROD0166,4,18243,76
ITEM00135,ORD00568,PROD0083,1,35008,19
ITEM00136,ORD00461,PROD0152,3,35694,46
ITEM00137,ORD00465,PROD0001,5,25040,93
ITEM00138,ORD00190,PROD0453,1,40814,46
ITEM00139,ORD00636,PROD0123,3,47451,8
ITEM00140,ORD00675,PROD0496,5,53877,49
ITEM00141,ORD00195,PROD0269,4,50383,70
ITEM00142,ORD00158,PROD0314,3,21341,52
ITEM00143,ORD00657,PROD0165,1,6508,66
ITEM00144,ORD00675,PROD0035,1,54935,16
ITEM00145,ORD00183,PROD0448,1,13443,13
ITEM00146,ORD00498,PROD0099,1,2285,73
ITEM00147,ORD00658,PROD0429,4,43317,62
ITEM00148,ORD00539,PROD0320,5,16973,6
ITEM00149,ORD00376,PROD0114,5,47244,9
ITEM00150,ORD00014,PROD0477,2,43175,62
ITEM00151,ORD00082,PROD0240,1,23853,71
ITEM00152,ORD00426,PROD0421,3,52251,90
ITEM00153,ORD00060,PROD0422,5,17620,67
ITEM00154,ORD00042,PROD0376,1,54886,38
ITEM00155,ORD00080,PROD0484,2,34244,12
ITEM00156,ORD00104,PROD0372,2,35042,49
ITEM00157,ORD00195,PROD0099,5,43249,31
ITEM00158,ORD00584,PROD0321,2,36796,95
ITEM00159,ORD00572,PROD0213,1,50419,81
ITEM00160,ORD00591,PROD0184,4,46242,85
ITEM00161,ORD00438,PROD0453,1,11132,23
ITEM00162,ORD00564,PROD0206,5,22319,84
ITEM00163,ORD00162,PROD0274,5,29233,45
ITEM00164,ORD00323,PROD0282,3,55568,47
ITEM00165,ORD00423,PROD0392,4,54342,92
ITEM00166,ORD00332,PROD0312,2,37106,69
ITEM00167,ORD00220,PROD0193,5,48996,32
ITEM00168,ORD00369,PROD0493,4,29527,50
ITEM00169,ORD00001,PROD0372,1,18843,76
ITEM00170,ORD00017,PROD0266,2,58548,38
ITEM00171,ORD00007,PROD0154,2,14278,40
ITEM00172,ORD00023,PROD0396,3,36484,65
ITEM00173,ORD00570,PROD0293,5,10339,12
ITEM00174,ORD00039,PROD0236,3,10430,17
ITEM00175,ORD00272,PROD0188,5,16574,29
ITEM00176,ORD00263,PROD0416,3,6223,73
ITEM00177,ORD00410,PROD0292,2,48320,9
ITEM00178,ORD00333,PROD0406,4,11531,62
ITEM00179,ORD00591,PROD0420,1,39209,82
ITEM00180,ORD00308,PROD0020,5,25205,10
ITEM00181,ORD00058,PROD0472,3,23001,55
ITEM00182,ORD00427,PROD0477,1,57202,98
ITEM00183,ORD00233,PROD0383,5,949,81
ITEM00184,ORD00648,PROD0196,1,20174,67
ITEM00185,ORD00043,PROD0164,5,37222,19
ITEM00186,ORD00335,PROD0258,2,10239,6
ITEM00187,ORD00690,PROD0375,4,29403,96
ITEM00188,ORD00610,PROD0295,5,6103,28
ITEM00189,ORD00443,PROD0149,4,9900,16
ITEM00190,ORD00345,PROD0043,4,37649,95
ITEM00191,ORD00051,PROD0281,4,17406,10
ITEM00192,ORD00409,PROD0257,4,50913,89
ITEM00193,ORD00134,PROD0391,2,31717,71
ITEM00194,ORD00203,PROD0250,4,42945,73
ITEM00195,ORD00201,PROD0288,5,48412,67
ITEM00196,ORD00253,PROD0125,1,17649,99
ITEM00197,ORD00441,PROD0166,5,6071,14
ITEM00198,ORD00688,PROD0212,4,24138,44
ITEM00199,ORD00196,PROD0165,3,39120,83
ITEM00200,ORD00025,PROD0395,3,11292,44
ITEM00201,ORD00632,PROD0421,4,41040,18
ITEM00202,ORD00452,PROD0023,2,13286,87
ITEM00203,ORD00383,PROD0080,1,7564,94
ITEM00204,ORD00056,PROD0125,5,9878,36
ITEM00205,ORD00015,PROD0176,1,20196,57
ITEM00206,ORD00483,PROD0012,3,13897,94
ITEM00207,ORD00551,PROD0109,2,36010,66
ITEM00208,ORD00265,PROD0281,4,41031,93
ITEM00209,ORD00145,PROD0356,1,24881,74
ITEM00210,ORD00680,PROD0270,1,16941,21
ITEM00211,ORD00062,PROD0146,2,51920,89
ITEM00212,ORD00633,PROD0139,1,30671,83
ITEM00213,ORD00009,PROD0035,4,43478,34
ITEM00214,ORD00679,PROD0437,3,56841,13
ITEM00215,ORD00020,PROD0150,4,15349,48
ITEM00216,ORD00521,PROD0364,1,59436,40
ITEM00217,ORD00497,PROD0444,5,35036,11
ITEM00218,ORD00191,PROD0102,-3,30214,71
ITEM00219,ORD00023,PROD0021,2,34895,39
ITEM00220,ORD00342,PROD0251,4,48984,20
ITEM00221,ORD00019,PROD0178,3,23490,80
ITEM00222,ORD00310,PROD0121,5,18279,7
ITEM00223,ORD00641,PROD0132,4,58553,3
ITEM00224,ORD00569,PROD0486,3,14983,19
ITEM00225,ORD00350,PROD0460,4,43252,17
ITEM00226,ORD00090,PROD0374,4,34325,86
ITEM00227,ORD00628,PROD0447,2,27550,30
ITEM00228,ORD00587,PROD0079,4,20672,77
ITEM00229,ORD00338,PROD0230,5,8835,26
ITEM00230,ORD00669,PROD0071,5,35678,87
ITEM00231,ORD00208,PROD0442,2,20450,88
ITEM00232,ORD00537,PROD0466,2,28384,98
ITEM00233,ORD00149,PROD0336,5,10557,40
ITEM00234,ORD00070,PROD0286,5,47349,15
ITEM00235,ORD00189,PROD0163,2,47849,3
ITEM00236,ORD00327,PROD0451,-3,27151,38
ITEM00237,ORD00454,PROD0382,3,10158,99
ITEM00238,ORD00193,PROD0055,2,12307,3
ITEM00239,ORD00627,PROD0316,3,39888,72
ITEM00240,ORD00628,PROD0119,5,15416,29
ITEM00241,ORD00027,PROD0184,1,45298,99
ITEM00242,ORD00489,PROD0069,5,55652,77
ITEM00243,ORD00481,PROD0365,3,12257,49
ITEM00244,ORD00504,PROD0243,2,10933,24
ITEM00245,ORD00232,PROD0017,4,50304,1
ITEM00246,ORD00277,PROD0487,4,14785,95
ITEM00247,ORD00688,PROD0104,2,4534,22
ITEM00248,ORD00450,PROD0444,5,32308,88
ITEM00249,ORD00333,PROD0444,4,58368,31
ITEM00250,ORD00438,PROD0208,1,40041,94
ITEM00251,ORD00390,PROD0369,3,26031,78
ITEM00252,ORD00586,PROD0305,5,34621,82
ITEM00253,ORD00040,PROD0267,1,29796,58
ITEM00254,ORD00044,PROD0450,2,34193,68
ITEM00255,ORD00406,PROD0377,1,36749,49
ITEM00256,ORD00529,PROD0392,1,12642,37
ITEM00257,ORD00451,PROD0204,3,50903,36
ITEM00258,ORD00473,PROD0086,4,19495,78
ITEM00259,ORD00056,PROD0354,5,59423,18
ITEM00260,ORD00475,PROD0425,4,6127,92
ITEM00261,ORD00513,PROD0058,2,51234,74
ITEM00262,ORD00560,PROD0070,-1,27303,41
ITEM00263,ORD00462,PROD0013,2,29932,75
ITEM00264,ORD00207,PROD0452,4,6110,32
ITEM00265,ORD00332,PROD0355,-1,47279,93
ITEM00266,ORD00127,PROD0047,1,46483,57
ITEM00267,ORD00650,PROD0186,1,34528,90
ITEM00268,ORD00394,PROD0373,-3,40312,20
ITEM00269,ORD00388,PROD0282,4,3077,98
ITEM00270,ORD00175,PROD0468,3,37260,84
ITEM00271,ORD00154,PROD0084,2,11922,98
ITEM00272,ORD00053,PROD0215,3,20484,93
ITEM00273,ORD00457,PROD0148,2,7904,16
ITEM00274,ORD00208,PROD0002,5,50360,32
ITEM00275,ORD00013,PROD0235,4,56260,63
ITEM00276,ORD00557,PROD0414,1,40044,63
ITEM00277,ORD00244,PROD0112,5,43419,60
ITEM00278,ORD00465,PROD0210,4,5403,76
ITEM00279,ORD00615,PROD0004,2,58013,70
ITEM00280,ORD00285,PROD0318,5,53947,26
ITEM00281,ORD00051,PROD0095,2,3808,83
ITEM00282,ORD00358,PROD0019,2,56156,4
ITEM00283,ORD00684,PROD0296,5,19758,42
ITEM00284,ORD00090,PROD0026,1,27525,22
ITEM00285,ORD00166,PROD0345,3,40248,84
ITEM00286,ORD00610,PROD0294,5,11827,58
ITEM00287,ORD00593,PROD0185,1,6303,98
ITEM00288,ORD00307,PROD0166,3,59020,48
ITEM00289,ORD00070,PROD0389,4,55467,70
ITEM00290,ORD00067,PROD0150,4,9017,15
ITEM00291,ORD00282,PROD0169,5,27316,67
ITEM00292,ORD00215,PROD0357,2,40311,7
ITEM00293,ORD00112,PROD0293,5,5945,61
ITEM00294,ORD00620,PROD0479,3,28187,77
ITEM00295,ORD00325,PROD0133,5,37892,79
ITEM00296,ORD00363,PROD0475,2,40458,72
ITEM00297,ORD00509,PROD0267,4,32476,23
ITEM00298,ORD00625,PROD0120,3,12884,0
ITEM00299,ORD00122,PROD0013,4,41190,15
ITEM00300,ORD00213,PROD0410,5,27373,52
ITEM00301,ORD00047,PROD0171,3,36927,81
ITEM00302,ORD00218,PROD0006,2,45420,36
ITEM00303,ORD00261,PROD0405,1,20370,38
ITEM00304,ORD00519,PROD0282,3,50468,0
ITEM00305,ORD00117,PROD0352,3,22571,50
ITEM00306,ORD00583,PROD0316,1,54728,22
ITEM00307,ORD00199,PROD0170,3,44271,61
ITEM00308,ORD00486,PROD0409,1,42513,17
ITEM00309,ORD00494,PROD0080,4,58661,68
ITEM00310,ORD00344,PROD0237,4,48866,7
ITEM00311,ORD00534,PROD0154,5,47711,86
ITEM00312,ORD00324,PROD0285,5,1426,26
ITEM00313,ORD00592,PROD0351,3,52598,45
ITEM00314,ORD00068,PROD0497,2,18580,3
ITEM00315,ORD00348,PROD0193,5,55407,21
ITEM00316,ORD00585,PROD0311,-2,12480,76
ITEM00317,ORD00120,PROD0443,3,46420,40
ITEM00318,ORD00033,PROD0140,4,5888,63
ITEM00319,ORD00244,PROD0191,4,54559,38
ITEM00320,ORD00222,PROD0269,3,11669,14
ITEM00321,ORD00384,PROD0402,1,51173,25
ITEM00322,ORD00095,PROD0228,5,1834,61
ITEM00323,ORD00513,PROD0079,2,22489,61
ITEM00324,ORD00537,PROD0159,3,9590,98
ITEM00325,ORD00101,PROD0421,5,44549,16
ITEM00326,ORD00211,PROD0371,1,30305,49
ITEM00327,ORD00535,PROD0060,1,20580,5
ITEM00328,ORD00609,PROD0447,1,22042,59
ITEM00329,ORD00048,PROD0053,5,50412,84
ITEM00330,ORD00320,PROD0012,5,49908,39
ITEM00331,ORD00655,PROD0457,2,21229,25
ITEM00332,ORD00198,PROD0147,3,35083,40
ITEM00333,ORD00452,PROD0344,1,18068,19
ITEM00334,ORD00162,PROD0141,1,1199,79
ITEM00335,ORD00574,PROD0264,1,13738,69
ITEM00336,ORD00359,PROD0282,3,17963,18
ITEM00337,ORD00291,PROD0294,2,11424,9
ITEM00338,ORD00319,PROD0314,3,35627,56
ITEM00339,ORD00052,PROD0067,1,31050,86
ITEM00340,ORD00052,PROD0055,4,3725,11
ITEM00341,ORD00437,PROD0201,2,46381,76
ITEM00342,ORD00607,PROD0323,4,40590,45
ITEM00343,ORD00320,PROD0171,2,46920,97
ITEM00344,ORD00687,PROD0415,5,5347,96
ITEM00345,ORD00477,PROD0291,2,6289,89
ITEM00346,ORD00480,PROD0050,4,20541,87
ITEM00347,ORD00660,PROD0364,4,31037,29
ITEM00348,ORD00230,PROD0074,5,17111,46
ITEM00349,ORD00402,PROD0094,3,51893,41
ITEM00350,ORD00465,PROD0250,1,4483,60
ITEM00351,ORD00116,PROD0180,4,30427,21
ITEM00352,ORD00290,PROD0394,3,39812,73
ITEM00353,ORD00131,PROD0261,1,26787,91
ITEM00354,ORD00110,PROD0167,5,42762,9
ITEM00355,ORD00310,PROD0273,4,26467,75
ITEM00356,ORD00424,PROD0123,5,16170,70
ITEM00357,ORD00163,PROD0499,4,25353,8
ITEM00358,ORD00349,PROD0107,5,28455,100
ITEM00359,ORD00446,PROD0291,3,35886,88
ITEM00360,ORD00242,PROD0089,1,48655,91
ITEM00361,ORD00588,PROD0429,4,7692,75
ITEM00362,ORD00611,PROD0238,3,36578,12
ITEM00363,ORD00456,PROD0091,3,26794,8
ITEM00364,ORD00613,PROD0056,5,50750,48
ITEM00365,ORD00336,PROD0254,1,6133,27
ITEM00366,ORD00143,PROD0455,5,59395,96
ITEM00367,ORD00652,PROD0415,1,49815,18
ITEM00368,ORD00677,PROD0077,4,35016,37
ITEM00369,ORD00400,PROD0316,5,29505,25
ITEM00370,ORD00211,PROD0349,3,19843,72
ITEM00371,ORD00696,PROD0156,4,47241,44
ITEM00372,ORD00092,PROD0299,1,40274,65
ITEM00373,ORD00414,PROD0434,2,56069,37
ITEM00374,ORD00064,PROD0190,5,3681,0
ITEM00375,ORD00574,PROD0421,3,7389,36
ITEM00376,ORD00032,PROD0121,4,46220,75
ITEM00377,ORD00404,PROD0321,3,46846,48
ITEM00378,ORD00416,PROD0196,4,35924,27
ITEM00379,ORD00679,PROD0089,4,9314,24
ITEM00380,ORD00569,PROD0197,3,55247,53
ITEM00381,ORD00158,PROD0148,2,9000,1
ITEM00382,ORD00074,PROD0332,1,9636,92
ITEM00383,ORD00499,PROD0337,4,9098,10
ITEM00384,ORD00141,PROD0329,4,56570,58
ITEM00385,ORD00619,PROD0477,4,41045,23
ITEM00386,ORD00466,PROD0261,4,36379,57
ITEM00387,ORD00394,PROD0182,2,12376,54
ITEM00388,ORD00620,PROD0004,5,32847,93
ITEM00389,ORD00243,PROD0365,5,17845,52
ITEM00390,ORD00560,PROD0296,3,2392,4
ITEM00391,ORD00582,PROD0248,3,7616,74
ITEM00392,ORD00494,PROD0493,1,9511,93
ITEM00393,ORD00540,PROD0440,3,30670,66
ITEM00394,ORD00081,PROD0268,5,5996,31
ITEM00395,ORD00484,PROD0323,1,45031,81
ITEM00396,ORD00553,PROD0409,-1,20679,78
ITEM00397,ORD00055,PROD0463,3,35263,99
ITEM00398,ORD00012,PROD0241,4,33797,60
ITEM00399,ORD00588,PROD0376,3,27791,45
ITEM00400,ORD00302,PROD0149,2,2515,88
ITEM00401,ORD00612,PROD0384,3,47842,100
ITEM00402,ORD00578,PROD0134,1,41441,60
ITEM00403,ORD00593,PROD0087,5,3582,84
ITEM00404,ORD00299,PROD0415,5,1989,36
ITEM00405,ORD00497,PROD0043,2,33334,9
ITEM00406,ORD00285,PROD0130,2,40556,35
ITEM00407,ORD00282,PROD0440,3,1130,94
ITEM00408,ORD00115,PROD0310,2,59846,75
ITEM00409,ORD00155,PROD0338,4,24433,22
ITEM00410,ORD00268,PROD0401,2,31979,23
ITEM00411,ORD00541,PROD0442,1,22668,10
ITEM00412,ORD00149,PROD0305,2,55093,63
ITEM00413,ORD00423,PROD0395,4,15794,84
ITEM00414,ORD00451,PROD0372,2,14018,73
ITEM00415,ORD00354,PROD0028,3,49711,14
ITEM00416,ORD00054,PROD0086,4,26332,60
ITEM00417,ORD00309,PROD0244,5,15513,48
ITEM00418,ORD00700,PROD0362,4,31302,33
ITEM00419,ORD00149,PROD0272,4,977,36
ITEM00420,ORD00460,PROD0196,3,34950,87
ITEM00421,ORD00043,PROD0050,5,41974,45
ITEM00422,ORD00443,PROD0313,3,22152,34
ITEM00423,ORD00274,PROD0411,1,16934,83
ITEM00424,ORD00599,PROD0201,4,50869,86
ITEM00425,ORD00248,PROD0376,5,50695,24
ITEM00426,ORD00533,PROD0173,2,20730,70
ITEM00427,ORD00011,PROD0345,1,54705,8
ITEM00428,ORD00013,PROD0211,1,34623,13
ITEM00429,ORD00457,PROD0180,2,47730,36
ITEM00430,ORD00258,PROD0099,-5,1753,79
ITEM00431,ORD00095,PROD0030,5,43231,27
ITEM00432,ORD00614,PROD0327,1,46604,15
ITEM00433,ORD00089,PROD0439,5,8713,48
ITEM00434,ORD00673,PROD0392,5,52838,23
ITEM00435,ORD00114,PROD0357,2,16802,37
ITEM00436,ORD00479,PROD0339,1,42063,58
ITEM00437,ORD00284,PROD0394,4,45565,85
ITEM00438,ORD00332,PROD0132,2,51366,9
ITEM00439,ORD00284,PROD0398,1,25287,49
ITEM00440,ORD00341,PROD0031,3,53467,33
ITEM00441,ORD00183,PROD0226,1,32425,25
ITEM00442,ORD00625,PROD0202,2,42502,62
ITEM00443,ORD00112,PROD0074,5,50578,55
ITEM00444,ORD00224,PROD0315,1,29139,91
ITEM00445,ORD00266,PROD0053,1,4978,9
ITEM00446,ORD00586,PROD0373,3,51137,57
ITEM00447,ORD00020,PROD0460,4,9955,83
ITEM00448,ORD00656,PROD0001,1,43755,49
ITEM00449,ORD00273,PROD0078,3,59485,50
ITEM00450,ORD00589,PROD0002,5,46573,98
ITEM00451,ORD00503,PROD0245,4,26670,93
ITEM00452,ORD00072,PROD0277,2,416,49
ITEM00453,ORD00494,PROD0063,5,35281,45
ITEM00454,ORD00342,PROD0350,3,26454,7
ITEM00455,ORD00648,PROD0491,1,24143,68
ITEM00456,ORD00349,PROD0042,4,50037,98
ITEM00457,ORD00297,PROD0332,2,11774,70
ITEM00458,ORD00041,PROD0496,4,43501,24
ITEM00459,ORD00307,PROD0357,4,58950,13
ITEM00460,ORD00646,PROD0353,3,32083,10
ITEM00461,ORD00648,PROD0225,2,9371,4
ITEM00462,ORD00198,PROD0013,5,15829,62
ITEM00463,ORD00399,PROD0033,5,42366,39
ITEM00464,ORD00512,PROD0274,4,1275,4
ITEM00465,ORD00348,PROD0029,3,51827,92
ITEM00466,ORD00044,PROD0208,1,14072,83
ITEM00467,ORD00684,PROD0268,4,44638,68
ITEM00468,ORD00153,PROD0380,5,15468,9
ITEM00469,ORD00038,PROD0377,2,32240,83
ITEM00470,ORD00020,PROD0242,5,3201,31
ITEM00471,ORD00665,PROD0067,1,11488,80
ITEM00472,ORD00052,PROD0464,3,53987,12
ITEM00473,ORD00468,PROD0313,2,54945,75
ITEM00474,ORD00066,PROD0419,1,7682,63
ITEM00475,ORD00610,PROD0410,5,14655,8
ITEM00476,ORD00208,PROD0219,3,53383,94
ITEM00477,ORD00695,PROD0206,3,8116,87
ITEM00478,ORD00590,PROD0280,2,21275,27
ITEM00479,ORD00047,PROD0304,2,22187,8
ITEM00480,ORD00124,PROD0141,2,49846,53
ITEM00481,ORD00173,PROD0357,3,36468,21
ITEM00482,ORD00450,PROD0125,5,2867,17
ITEM00483,ORD00103,PROD0406,5,24850,99
ITEM00484,ORD00162,PROD0009,4,5490,0
ITEM00485,ORD00008,PROD0092,1,46516,83
ITEM00486,ORD00608,PROD0455,3,27477,88
ITEM00487,ORD00488,PROD0355,2,13710,18
ITEM00488,ORD00656,PROD0139,5,29718,52
ITEM00489,ORD00245,PROD0481,2,40212,88
ITEM00490,ORD00039,PROD0306,2,47202,63
ITEM00491,ORD00627,PROD0487,1,41303,100
ITEM00492,ORD00309,PROD0179,4,499,71
ITEM00493,ORD00242,PROD0099,1,34947,12
ITEM00494,ORD00634,PROD0186,5,33462,28
ITEM00495,ORD00476,PROD0395,2,18315,6
ITEM00496,ORD00199,PROD0058,2,45108,60
ITEM00497,ORD00510,PROD0091,2,44118,5
ITEM00498,ORD00056,PROD0331,3,18881,26
ITEM00499,ORD00446,PROD0129,3,40623,97
ITEM00500,ORD00465,PROD0023,1,48723,6
ITEM00501,ORD00551,PROD0091,2,51678,3
ITEM00502,ORD00497,PROD0264,1,4843,30
ITEM00503,ORD00456,PROD0304,5,21562,53
ITEM00504,ORD00204,PROD0383,3,15277,99
ITEM00505,ORD00113,PROD0167,2,6626,30
ITEM00506,ORD00423,PROD0446,2,24810,28
ITEM00507,ORD00076,PROD0242,5,31946,6
ITEM00508,ORD00447,PROD0075,2,40139,58
ITEM00509,ORD00183,PROD0199,3,9139,58
ITEM00510,ORD00199,PROD0324,3,17874,25
ITEM00511,ORD00344,PROD0066,1,45564,72
ITEM00512,ORD00062,PROD0144,2,7481,59
ITEM00513,ORD00470,PROD0215,2,50029,43
ITEM00514,ORD00226,PROD0454,3,39759,20
ITEM00515,ORD00654,PROD0488,5,59547,21
ITEM00516,ORD00592,PROD0497,5,56233,29
ITEM00517,ORD00089,PROD0211,5,32261,27
ITEM00518,ORD00606,PROD0243,4,18495,1
ITEM00519,ORD00439,PROD0377,2,16441,41
ITEM00520,ORD00445,PROD0297,2,58646,75
ITEM00521,ORD00153,PROD0468,5,59067,0
ITEM00522,ORD00428,PROD0023,1,31044,93
ITEM00523,ORD00517,PROD0018,4,35007,50
ITEM00524,ORD00491,PROD0415,1,29851,63
ITEM00525,ORD00247,PROD0043,5,49553,1
ITEM00526,ORD00417,PROD0487,2,8897,45
ITEM00527,ORD00303,PROD0123,1,1243,61
ITEM00528,ORD00686,PROD0157,-4,46291,58
ITEM00529,ORD00585,PROD0383,5,1799,58
ITEM00530,ORD00475,PROD0396,2,57491,90
ITEM00531,ORD00416,PROD0095,3,41278,59
ITEM00532,ORD00649,PROD0001,1,25423,88
ITEM00533,ORD00341,PROD0272,1,19637,54
ITEM00534,ORD00277,PROD0358,5,35749,73
ITEM00535,ORD00213,PROD0404,1,40862,42
ITEM00536,ORD00057,PROD0264,3,58394,6
ITEM00537,ORD00114,PROD0197,3,30697,79
ITEM00538,ORD00042,PROD0188,3,11686,82
ITEM00539,ORD00573,PROD0361,1,36949,90
ITEM00540,ORD00210,PROD0071,3,15839,69
ITEM00541,ORD00117,PROD0333,4,48524,96
ITEM00542,ORD00595,PROD0447,2,49559,95
ITEM00543,ORD00231,PROD0165,3,59046,34
ITEM00544,ORD00516,PROD0349,4,18362,6
ITEM00545,ORD00065,PROD0191,3,29849,62
ITEM00546,ORD00514,PROD0270,1,31012,90
ITEM00547,ORD00545,PROD0348,5,59146,37
ITEM00548,ORD00463,PROD0318,3,52622,86
ITEM00549,ORD00068,PROD0097,4,5921,10
ITEM00550,ORD00401,PROD0460,2,19098,9
ITEM00551,ORD00112,PROD0085,-2,7541,89
ITEM00552,ORD00152,PROD0255,2,57543,26
ITEM00553,ORD00534,PROD0488,1,19413,53
ITEM00554,ORD00699,PROD0278,2,31257,44
ITEM00555,ORD00431,PROD0228,1,19304,24
ITEM00556,ORD00065,PROD0012,2,54919,66
ITEM00557,ORD00661,PROD0172,4,38125,43
ITEM00558,ORD00672,PROD0331,3,32060,75
ITEM00559,ORD00682,PROD0357,5,55375,70
ITEM00560,ORD00456,PROD0235,3,37375,16
ITEM00561,ORD00314,PROD0088,3,15062,61
ITEM00562,ORD00381,PROD0498,3,50646,6
ITEM00563,ORD00152,PROD0181,3,30079,21
ITEM00564,ORD00634,PROD0474,2,46849,68
ITEM00565,ORD00293,PROD0094,2,55206,90
ITEM00566,ORD00683,PROD0407,2,10767,30
ITEM00567,ORD00120,PROD0022,3,37852,16
ITEM00568,ORD00452,PROD0134,3,12291,26
ITEM00569,ORD00576,PROD0363,1,43817,40
ITEM00570,ORD00353,PROD0076,3,29588,69
ITEM00571,ORD00167,PROD0274,3,8161,3
ITEM00572,ORD00415,PROD0477,4,50565,18
ITEM00573,ORD00470,PROD0476,3,10427,0
ITEM00574,ORD00560,PROD0500,5,21910,82
ITEM00575,ORD00303,PROD0243,3,49624,73
ITEM00576,ORD00683,PROD0076,5,47945,56
ITEM00577,ORD00347,PROD0353,1,48148,61
ITEM00578,ORD00042,PROD0072,5,7859,39
ITEM00579,ORD00026,PROD0206,5,55307,28
ITEM00580,ORD00457,PROD0183,1,21588,7
ITEM00581,ORD00623,PROD0329,2,38435,67
ITEM00582,ORD00228,PROD0401,3,13026,2
ITEM00583,ORD00086,PROD0276,4,44572,85
ITEM00584,ORD00090,PROD0500,5,26048,24
ITEM00585,ORD00503,PROD0163,5,39854,65
ITEM00586,ORD00058,PROD0466,3,26254,18
ITEM00587,ORD00438,PROD0190,4,24633,1
ITEM00588,ORD00292,PROD0177,3,20390,57
ITEM00589,ORD00575,PROD0045,2,47900,56
ITEM00590,ORD00426,PROD0412,4,19115,20
ITEM00591,ORD00435,PROD0374,4,9346,75
ITEM00592,ORD00613,PROD0045,2,13817,38
ITEM00593,ORD00487,PROD0445,5,22181,8
ITEM00594,ORD00605,PROD0388,4,5996,0
ITEM00595,ORD00420,PROD0328,3,27365,22
ITEM00596,ORD00570,PROD0237,-4,49695,17
ITEM00597,ORD00205,PROD0096,4,19170,70
ITEM00598,ORD00503,PROD0022,3,54895,74
ITEM00599,ORD00312,PROD0253,5,48687,59
ITEM00600,ORD00230,PROD0014,1,10294,33
ITEM00601,ORD00308,PROD0490,4,8338,83
ITEM00602,ORD00682,PROD0458,3,27538,22
ITEM00603,ORD00504,PROD0465,2,2064,15
ITEM00604,ORD00284,PROD0253,1,39448,95
ITEM00605,ORD00371,PROD0298,4,37265,55
ITEM00606,ORD00265,PROD0322,-4,45698,15
ITEM00607,ORD00383,PROD0263,5,1349,33
ITEM00608,ORD00167,PROD0298,1,9777,40
ITEM00609,ORD00473,PROD0450,2,23621,20
ITEM00610,ORD00055,PROD0140,3,27693,81
ITEM00611,ORD00365,PROD0025,3,19314,67
ITEM00612,ORD00655,PROD0480,1,33876,24
ITEM00613,ORD00644,PROD0094,1,39440,96
ITEM00614,ORD00172,PROD0279,3,57376,40
ITEM00615,ORD00309,PROD0139,3,6480,68
ITEM00616,ORD00594,PROD0181,2,1045,17
ITEM00617,ORD00531,PROD0145,3,51239,62
ITEM00618,ORD00422,PROD0175,2,6912,27
ITEM00619,ORD00159,PROD0258,2,54698,24
ITEM00620,ORD00573,PROD0315,5,55648,68
ITEM00621,ORD00565,PROD0360,1,27551,58
ITEM00622,ORD00079,PROD0060,2,1338,61
ITEM00623,ORD00357,PROD0160,3,9310,56
ITEM00624,ORD00612,PROD0268,3,11485,90
ITEM00625,ORD00312,PROD0015,1,14772,16
ITEM00626,ORD00146,PROD0353,2,20347,16
ITEM00627,ORD00215,PROD0067,1,28040,88
ITEM00628,ORD00115,PROD0040,1,50970,61
ITEM00629,ORD00442,PROD0022,2,7265,4
ITEM00630,ORD00676,PROD0263,5,4084,60
ITEM00631,ORD00122,PROD0466,3,3036,8
ITEM00632,ORD00309,PROD0342,1,49650,12
ITEM00633,ORD00127,PROD0472,5,13661,75
ITEM00634,ORD00205,PROD0095,3,2117,11
ITEM00635,ORD00150,PROD0434,3,38194,44
ITEM00636,ORD00361,PROD0083,5,51370,93
ITEM00637,ORD00628,PROD0124,5,37570,8
ITEM00638,ORD00102,PROD0420,5,50219,1
ITEM00639,ORD00542,PROD0112,2,18671,21
ITEM00640,ORD00551,PROD0003,1,14225,64
ITEM00641,ORD00487,PROD0188,5,12332,56
ITEM00642,ORD00690,PROD0491,1,12052,45
ITEM00643,ORD00389,PROD0218,2,33901,29
ITEM00644,ORD00418,PROD0058,3,8301,59
ITEM00645,ORD00113,PROD0267,2,32693,97
ITEM00646,ORD00370,PROD0361,3,36712,92
ITEM00647,ORD00042,PROD0043,3,32555,14
ITEM00648,ORD00395,PROD0146,4,39547,94
ITEM00649,ORD00320,PROD0352,4,15002,70
ITEM00650,ORD00418,PROD0149,4,12572,8
ITEM00651,ORD00488,PROD0481,3,11950,1
ITEM00652,ORD00691,PROD0252,1,26176,56
ITEM00653,ORD00536,PROD0338,1,8013,18
ITEM00654,ORD00405,PROD0206,5,6866,94
ITEM00655,ORD00173,PROD0034,3,13247,43
ITEM00656,ORD00206,PROD0305,4,8245,29
ITEM00657,ORD00435,PROD0372,4,18452,97
ITEM00658,ORD00596,PROD0304,3,49765,82
ITEM00659,ORD00410,PROD0183,4,43891,77
ITEM00660,ORD00415,PROD0249,5,18477,18
ITEM00661,ORD00466,PROD0056,1,16629,62
ITEM00662,ORD00510,PROD0119,2,2147,12
ITEM00663,ORD00055,PROD0426,1,32845,86
ITEM00664,ORD00028,PROD0498,2,25276,77
ITEM00665,ORD00696,PROD0168,2,20041,79
ITEM00666,ORD00639,PROD0050,1,43524,96
ITEM00667,ORD00533,PROD0393,4,52152,59
ITEM00668,ORD00207,PROD0151,4,32329,64
ITEM00669,ORD00268,PROD0278,3,53250,69
ITEM00670,ORD00560,PROD0010,1,28407,15
ITEM00671,ORD00393,PROD0231,3,56093,48
ITEM00672,ORD00454,PROD0236,1,2353,22
ITEM00673,ORD00571,PROD0338,3,58179,90
ITEM00674,ORD00169,PROD0252,4,9013,39
ITEM00675,ORD00399,PROD0250,1,37480,86
ITEM00676,ORD00503,PROD0338,5,45116,69
ITEM00677,ORD00586,PROD0241,4,37047,20
ITEM00678,ORD00519,PROD0029,4,17461,63
ITEM00679,ORD00606,PROD0498,4,40631,86
ITEM00680,ORD00362,PROD0393,3,21203,7
ITEM00681,ORD00029,PROD0303,1,8601,46
ITEM00682,ORD00358,PROD0415,5,1962,97
ITEM00683,ORD00641,PROD0175,4,6579,54
ITEM00684,ORD00354,PROD0183,4,23220,7
ITEM00685,ORD00678,PROD0126,2,15576,82
ITEM00686,ORD00320,PROD0304,1,59863,88
ITEM00687,ORD00068,PROD0445,3,7701,43
ITEM00688,ORD00174,PROD0011,5,21572,4
ITEM00689,ORD00472,PROD0337,4,37427,65
ITEM00690,ORD00432,PROD0137,1,45810,60
ITEM00691,ORD00603,PROD0012,3,24955,73
ITEM00692,ORD00400,PROD0166,5,6604,62
ITEM00693,ORD00103,PROD0354,2,22217,63
ITEM00694,ORD00515,PROD0416,3,11120,78
ITEM00695,ORD00307,PROD0187,4,13422,63
ITEM00696,ORD00651,PROD0434,1,55275,68
ITEM00697,ORD00220,PROD0148,3,3315,38
ITEM00698,ORD00588,PROD0206,2,41131,95
ITEM00699,ORD00095,PROD0368,5,6408,75
ITEM00700,ORD00345,PROD0140,1,37321,67
ITEM00701,ORD00487,PROD0219,2,22961,9
ITEM00702,ORD00668,PROD0422,-2,33272,38
ITEM00703,ORD00444,PROD0340,5,20735,25
ITEM00704,ORD00425,PROD0206,3,41157,65
ITEM00705,ORD00465,PROD0344,5,12035,2
ITEM00706,ORD00643,PROD0361,5,56738,23
ITEM00707,ORD00591,PROD0256,2,43506,95
ITEM00708,ORD00479,PROD0138,5,53214,78
ITEM00709,ORD00445,PROD0479,5,47819,80
ITEM00710,ORD00062,PROD0268,2,24073,59
ITEM00711,ORD00152,PROD0124,2,49118,87
ITEM00712,ORD00308,PROD0433,4,27086,40
ITEM00713,ORD00066,PROD0325,2,55641,52
ITEM00714,ORD00274,PROD0422,3,42539,20
ITEM00715,ORD00263,PROD0352,5,15675,51
ITEM00716,ORD00245,PROD0059,2,12777,3
ITEM00717,ORD00252,PROD0409,3,30619,62
ITEM00718,ORD00574,PROD0224,4,42596,4
ITEM00719,ORD00207,PROD0082,3,9141,3
ITEM00720,ORD00265,PROD0405,3,43366,70
ITEM00721,ORD00181,PROD0330,1,47548,62
ITEM00722,ORD00021,PROD0029,1,20772,77
ITEM00723,ORD00306,PROD0444,1,59220,52
ITEM00724,ORD00373,PROD0344,1,26210,92
ITEM00725,ORD00144,PROD0121,1,37619,94
ITEM00726,ORD00513,PROD0478,1,34407,85
ITEM00727,ORD00595,PROD0487,5,16702,63
ITEM00728,ORD00093,PROD0122,5,8213,98
ITEM00729,ORD00321,PROD0169,5,48515,49
ITEM00730,ORD00242,PROD0479,4,14487,18
ITEM00731,ORD00110,PROD0090,2,18192,56
ITEM00732,ORD00419,PROD0131,5,3865,62
ITEM00733,ORD00547,PROD0192,1,20941,69
ITEM00734,ORD00434,PROD0244,2,18401,100
ITEM00735,ORD00149,PROD0186,4,47102,47
ITEM00736,ORD00316,PROD0011,5,2481,94
ITEM00737,ORD00679,PROD0410,1,45464,100
ITEM00738,ORD00688,PROD0123,3,36423,49
ITEM00739,ORD00317,PROD0328,3,59389,87
ITEM00740,ORD00125,PROD0274,2,56406,56
ITEM00741,ORD00398,PROD0005,4,16946,38
ITEM00742,ORD00093,PROD0480,2,19691,26
ITEM00743,ORD00165,PROD0469,4,41576,40
ITEM00744,ORD00660,PROD0209,1,18159,10
ITEM00745,ORD00504,PROD0242,4,55326,42
ITEM00746,ORD00433,PROD0449,1,54227,20
ITEM00747,ORD00268,PROD0260,1,23259,53
ITEM00748,ORD00617,PROD0374,5,48551,41
ITEM00749,ORD00465,PROD0356,1,50136,6
ITEM00750,ORD00657,PROD0329,2,41497,56
ITEM00751,ORD00657,PROD0070,1,26457,25
ITEM00752,ORD00644,PROD0157,3,37936,10
ITEM00753,ORD00114,PROD0081,2,34040,91
ITEM00754,ORD00665,PROD0391,2,55706,76
ITEM00755,ORD00421,PROD0406,3,29788,61
ITEM00756,ORD00137,PROD0134,2,45253,75
ITEM00757,ORD00336,PROD0410,3,13219,10
ITEM00758,ORD00425,PROD0189,2,25988,48
ITEM00759,ORD00585,PROD0115,1,1705,71
ITEM00760,ORD00663,PROD0314,2,59630,11
ITEM00761,ORD00474,PROD0102,3,46157,21
ITEM00762,ORD00051,PROD0206,5,28308,76
ITEM00763,ORD00267,PROD0077,-2,24312,21
ITEM00764,ORD00581,PROD0061,1,47293,67
ITEM00765,ORD00446,PROD0396,4,54415,86
ITEM00766,ORD00507,PROD0061,2,46964,26
ITEM00767,ORD00196,PROD0485,3,19071,95
ITEM00768,ORD00507,PROD0196,2,28466,26
ITEM00769,ORD00615,PROD0111,3,47825,86
ITEM00770,ORD00194,PROD0215,2,26973,18
ITEM00771,ORD00030,PROD0149,3,15632,79
ITEM00772,ORD00462,PROD0465,2,24424,74
ITEM00773,ORD00663,PROD0235,1,876,60
ITEM00774,ORD00137,PROD0447,3,45617,50
ITEM00775,ORD00218,PROD0366,4,46629,54
ITEM00776,ORD00612,PROD0132,1,6444,71
ITEM00777,ORD00061,PROD0027,3,15590,60
ITEM00778,ORD00363,PROD0311,5,46702,95
ITEM00779,ORD00047,PROD0003,3,33265,79
ITEM00780,ORD00391,PROD0155,4,44191,47
ITEM00781,ORD00136,PROD0496,5,2895,74
ITEM00782,ORD00184,PROD0134,2,33213,63
ITEM00783,ORD00348,PROD0450,4,8845,11
ITEM00784,ORD00325,PROD0364,5,28572,18
ITEM00785,ORD00267,PROD0060,3,3094,16
ITEM00786,ORD00512,PROD0447,3,49209,46
ITEM00787,ORD00441,PROD0145,3,40369,97
ITEM00788,ORD00271,PROD0265,-5,28758,21
ITEM00789,ORD00324,PROD0378,4,50248,19
ITEM00790,ORD00570,PROD0437,4,3687,24
ITEM00791,ORD00153,PROD0028,2,12202,4
ITEM00792,ORD00482,PROD0134,2,46465,59
ITEM00793,ORD00447,PROD0060,4,2873,56
ITEM00794,ORD00366,PROD0364,5,31998,58
ITEM00795,ORD00505,PROD0058,2,8303,44
ITEM00796,ORD00096,PROD0105,3,12039,21
ITEM00797,ORD00521,PROD0422,3,37112,84
ITEM00798,ORD00600,PROD0109,5,470,67
ITEM00799,ORD00585,PROD0093,4,5235,31
ITEM00800,ORD00511,PROD0347,1,58354,42
ITEM00801,ORD00027,PROD0146,1,26032,47
ITEM00802,ORD00605,PROD0476,1,55052,41
ITEM00803,ORD00158,PROD0015,1,30361,90
ITEM00804,ORD00676,PROD0246,4,41379,34
ITEM00805,ORD00609,PROD0337,1,21789,5
ITEM00806,ORD00672,PROD0319,4,21493,93
ITEM00807,ORD00583,PROD0067,2,56775,6
ITEM00808,ORD00660,PROD0145,3,52507,7
ITEM00809,ORD00073,PROD0281,5,25194,11
ITEM00810,ORD00409,PROD0131,2,15933,98
ITEM00811,ORD00409,PROD0046,1,56059,26
ITEM00812,ORD00167,PROD0199,4,18873,82
ITEM00813,ORD00670,PROD0079,1,19765,62
ITEM00814,ORD00443,PROD0377,3,59427,87
ITEM00815,ORD00618,PROD0068,3,43815,12
ITEM00816,ORD00377,PROD0263,2,32287,57
ITEM00817,ORD00398,PROD0244,3,37100,76
ITEM00818,ORD00434,PROD0047,4,53349,47
ITEM00819,ORD00629,PROD0096,4,41532,54
ITEM00820,ORD00096,PROD0021,5,22596,59
ITEM00821,ORD00693,PROD0115,2,32661,67
ITEM00822,ORD00645,PROD0332,5,5703,37
ITEM00823,ORD00480,PROD0224,1,59654,61
ITEM00824,ORD00308,PROD0077,2,45047,38
ITEM00825,ORD00255,PROD0268,4,19564,72
ITEM00826,ORD00049,PROD0283,1,3155,65
ITEM00827,ORD00111,PROD0262,4,27267,12
ITEM00828,ORD00476,PROD0339,5,53469,32
ITEM00829,ORD00364,PROD0131,5,5558,98
ITEM00830,ORD00516,PROD0009,1,48730,84
ITEM00831,ORD00474,PROD0092,2,55440,50
ITEM00832,ORD00047,PROD0043,4,57659,90
ITEM00833,ORD00305,PROD0161,5,47654,58
ITEM00834,ORD00687,PROD0231,5,53142,33
ITEM00835,ORD00350,PROD0495,2,14032,23
ITEM00836,ORD00081,PROD0383,5,17194,86
ITEM00837,ORD00109,PROD0223,5,1374,0
ITEM00838,ORD00405,PROD0060,1,11454,83
ITEM00839,ORD00489,PROD0236,4,57136,84
ITEM00840,ORD00617,PROD0372,4,20044,79
ITEM00841,ORD00632,PROD0185,4,52932,38
ITEM00842,ORD00090,PROD0065,2,1109,24
ITEM00843,ORD00115,PROD0418,1,45815,24
ITEM00844,ORD00028,PROD0108,4,42708,18
ITEM00845,ORD00666,PROD0124,4,55387,80
ITEM00846,ORD00552,PROD0098,1,19920,98
ITEM00847,ORD00475,PROD0076,4,27848,2
ITEM00848,ORD00120,PROD0086,2,48616,89
ITEM00849,ORD00456,PROD0494,4,31099,2
ITEM00850,ORD00461,PROD0300,2,13394,37
ITEM00851,ORD00584,PROD0425,4,3537,42
ITEM00852,ORD00009,PROD0053,4,27442,63
ITEM00853,ORD00593,PROD0306,5,19256,4
ITEM00854,ORD00500,PROD0205,4,33843,75
ITEM00855,ORD00627,PROD0479,4,15398,91
ITEM00856,ORD00063,PROD0271,1,27856,73
ITEM00857,ORD00324,PROD0284,1,17753,82
ITEM00858,ORD00428,PROD0456,4,7863,63
ITEM00859,ORD00638,PROD0481,3,29581,89
ITEM00860,ORD00447,PROD0011,2,19075,92
ITEM00861,ORD00197,PROD0241,3,28912,29
ITEM00862,ORD00520,PROD0113,5,59776,87
ITEM00863,ORD00348,PROD0472,5,56131,91
ITEM00864,ORD00673,PROD0240,2,58079,37
ITEM00865,ORD00400,PROD0492,4,54796,86
ITEM00866,ORD00669,PROD0377,3,52364,60
ITEM00867,ORD00166,PROD0319,2,18711,88
ITEM00868,ORD00089,PROD0342,4,8660,22
ITEM00869,ORD00205,PROD0081,5,32455,12
ITEM00870,ORD00426,PROD0483,4,20100,30
ITEM00871,ORD00215,PROD0286,1,1388,45
ITEM00872,ORD00268,PROD0183,2,11650,64
ITEM00873,ORD00033,PROD0414,1,22333,55
ITEM00874,ORD00117,PROD0317,2,8109,71
ITEM00875,ORD00230,PROD0250,3,22503,100
ITEM00876,ORD00364,PROD0394,1,50668,71
ITEM00877,ORD00274,PROD0459,2,56128,88
ITEM00878,ORD00528,PROD0310,1,46494,6
ITEM00879,ORD00449,PROD0410,4,55354,96
ITEM00880,ORD00114,PROD0500,1,51426,78
ITEM00881,ORD00625,PROD0401,1,54176,71
ITEM00882,ORD00043,PROD0260,1,11147,80
ITEM00883,ORD00121,PROD0446,2,59902,46
ITEM00884,ORD00161,PROD0373,3,46610,56
ITEM00885,ORD00519,PROD0256,-4,10311,82
ITEM00886,ORD00373,PROD0172,2,8259,25
ITEM00887,ORD00450,PROD0497,4,50611,98
ITEM00888,ORD00007,PROD0126,4,22568,36
ITEM00889,ORD00518,PROD0088,1,17633,47
ITEM00890,ORD00425,PROD0185,2,10135,96
ITEM00891,ORD00543,PROD0216,2,9243,54
ITEM00892,ORD00424,PROD0471,4,59055,58
ITEM00893,ORD00529,PROD0407,3,2150,56
ITEM00894,ORD00150,PROD0395,1,47230,66
ITEM00895,ORD00072,PROD0044,3,20831,51
ITEM00896,ORD00169,PROD0223,1,25973,97
ITEM00897,ORD00038,PROD0339,2,59346,73
ITEM00898,ORD00060,PROD0324,5,19580,53
ITEM00899,ORD00412,PROD0454,5,57448,38
ITEM00900,ORD00322,PROD0466,3,717,35
ITEM00901,ORD00541,PROD0313,2,46094,51
ITEM00902,ORD00457,PROD0330,2,58368,69
ITEM00903,ORD00640,PROD0404,5,42931,56
ITEM00904,ORD00354,PROD0455,4,51016,25
ITEM00905,ORD00309,PROD0044,1,35421,42
ITEM00906,ORD00400,PROD0372,2,34309,69
ITEM00907,ORD00291,PROD0110,1,33732,70
ITEM00908,ORD00320,PROD0267,3,49813,81
ITEM00909,ORD00164,PROD0012,1,58547,69
ITEM00910,ORD00607,PROD0133,2,54740,99
ITEM00911,ORD00312,PROD0372,4,33313,14
ITEM00912,ORD00062,PROD0431,3,17223,80
ITEM00913,ORD00520,PROD0182,1,3328,96
ITEM00914,ORD00667,PROD0482,1,29608,38
ITEM00915,ORD00587,PROD0378,1,29897,43
ITEM00916,ORD00242,PROD0413,5,37266,91
ITEM00917,ORD00643,PROD0341,5,55544,76
ITEM00918,ORD00240,PROD0180,-2,18847,85
ITEM00919,ORD00587,PROD0345,2,47015,48
ITEM00920,ORD00533,PROD0378,2,7096,41
ITEM00921,ORD00529,PROD0299,2,54125,99
ITEM00922,ORD00370,PROD0233,1,9804,91
ITEM00923,ORD00436,PROD0425,4,5570,11
ITEM00924,ORD00064,PROD0218,2,31411,27
ITEM00925,ORD00457,PROD0040,3,44556,67
ITEM00926,ORD00413,PROD0302,5,34209,99
ITEM00927,ORD00405,PROD0447,3,38492,63
ITEM00928,ORD00652,PROD0217,4,45355,62
ITEM00929,ORD00427,PROD0422,2,9659,64
ITEM00930,ORD00131,PROD0249,4,8679,90
ITEM00931,ORD00526,PROD0442,5,7937,88
ITEM00932,ORD00218,PROD0234,4,2336,95
ITEM00933,ORD00161,PROD0484,5,24404,15
ITEM00934,ORD00617,PROD0437,-4,7430,15
ITEM00935,ORD00379,PROD0293,3,2839,66
ITEM00936,ORD00157,PROD0061,3,20183,47
ITEM00937,ORD00311,PROD0151,4,2033,18
ITEM00938,ORD00146,PROD0402,5,27840,6
ITEM00939,ORD00313,PROD0456,3,14328,23
ITEM00940,ORD00501,PROD0002,1,36083,44
ITEM00941,ORD00070,PROD0446,1,27566,61
ITEM00942,ORD00587,PROD0159,5,29846,43
ITEM00943,ORD00387,PROD0244,5,8903,97
ITEM00944,ORD00142,PROD0259,4,50117,57
ITEM00945,ORD00684,PROD0230,2,56976,93
ITEM00946,ORD00334,PROD0046,5,43748,79
ITEM00947,ORD00420,PROD0199,2,59198,50
ITEM00948,ORD00348,PROD0277,1,44138,56
ITEM00949,ORD00285,PROD0331,1,56951,21
ITEM00950,ORD00026,PROD0293,3,36968,82
ITEM00951,ORD00127,PROD0330,5,5780,24
ITEM00952,ORD00634,PROD0278,5,49851,6
ITEM00953,ORD00584,PROD0268,2,49388,60
ITEM00954,ORD00515,PROD0460,1,8082,84
ITEM00955,ORD00545,PROD0093,1,18219,100
ITEM00956,ORD00211,PROD0126,5,29313,10
ITEM00957,ORD00547,PROD0311,3,26532,75
ITEM00958,ORD00047,PROD0252,1,22479,55
ITEM00959,ORD00185,PROD0213,1,56537,67
ITEM00960,ORD00325,PROD0196,3,6165,14
ITEM00961,ORD00102,PROD0278,2,18900,18
ITEM00962,ORD00188,PROD0131,-1,10307,39
ITEM00963,ORD00418,PROD0348,2,4060,78
ITEM00964,ORD00334,PROD0093,1,46946,7
ITEM00965,ORD00306,PROD0200,1,21174,18
ITEM00966,ORD00423,PROD0458,3,17103,48
ITEM00967,ORD00124,PROD0027,2,15903,96
ITEM00968,ORD00612,PROD0301,2,32507,65
ITEM00969,ORD00517,PROD0198,1,17848,7
ITEM00970,ORD00326,PROD0238,5,26878,8
ITEM00971,ORD00496,PROD0015,4,41719,29
ITEM00972,ORD00020,PROD0138,5,38615,86
ITEM00973,ORD00104,PROD0127,5,42900,100
ITEM00974,ORD00129,PROD0156,5,26856,57
ITEM00975,ORD00086,PROD0434,5,13533,100
ITEM00976,ORD00146,PROD0192,5,11222,100
ITEM00977,ORD00252,PROD0276,4,59935,71
ITEM00978,ORD00463,PROD0022,1,53457,59
ITEM00979,ORD00636,PROD0149,2,235,7
ITEM00980,ORD00494,PROD0140,5,16642,87
ITEM00981,ORD00390,PROD0180,2,38548,65
ITEM00982,ORD00289,PROD0024,2,48643,68
ITEM00983,ORD00577,PROD0036,3,6079,50
ITEM00984,ORD00126,PROD0426,2,47718,71
ITEM00985,ORD00287,PROD0450,4,14018,78
ITEM00986,ORD00517,PROD0491,3,58129,87
ITEM00987,ORD00351,PROD0326,3,49528,90
ITEM00988,ORD00464,PROD0140,2,43602,41
ITEM00989,ORD00350,PROD0108,4,39489,42
ITEM00990,ORD00017,PROD0468,2,42565,0
ITEM00991,ORD00624,PROD0244,1,59277,1
ITEM00992,ORD00689,PROD0089,4,36624,89
ITEM00993,ORD00501,PROD0391,4,35466,10
ITEM00994,ORD00665,PROD0334,1,35500,3
ITEM00995,ORD00688,PROD0228,1,23333,48
ITEM00996,ORD00616,PROD0184,4,11812,98
ITEM00997,ORD00009,PROD0064,4,24479,24
ITEM00998,ORD00456,PROD0005,2,48902,2
ITEM00999,ORD00288,PROD0349,-2,12750,11
ITEM01000,ORD00629,PROD0321,3,53180,91
ITEM01001,ORD00227,PROD0120,4,23989,4
ITEM01002,ORD00288,PROD0253,5,13902,0
ITEM01003,ORD00201,PROD0421,4,7470,35
ITEM01004,ORD00583,PROD0257,4,11372,70
ITEM01005,ORD00199,PROD0338,5,44251,87
ITEM01006,ORD00618,PROD0290,2,4483,75
ITEM01007,ORD00132,PROD0382,1,8551,33
ITEM01008,ORD00584,PROD0439,2,57937,66
ITEM01009,ORD00281,PROD0099,1,45615,86
ITEM01010,ORD00546,PROD0315,3,44809,71
ITEM01011,ORD00465,PROD0002,4,42206,86
ITEM01012,ORD00666,PROD0027,-2,28547,52
ITEM01013,ORD00281,PROD0063,5,30778,63
ITEM01014,ORD00371,PROD0265,1,58120,92
ITEM01015,ORD00230,PROD0025,3,27729,68
ITEM01016,ORD00460,PROD0162,1,25880,24
ITEM01017,ORD00343,PROD0042,5,53131,3
ITEM01018,ORD00232,PROD0354,4,5078,31
ITEM01019,ORD00202,PROD0085,3,20568,8
ITEM01020,ORD00642,PROD0321,1,2026,61
ITEM01021,ORD00443,PROD0414,1,39032,80
ITEM01022,ORD00343,PROD0431,3,16397,13
ITEM01023,ORD00485,PROD0123,3,54759,6
ITEM01024,ORD00342,PROD0267,2,4978,99
ITEM01025,ORD00615,PROD0318,4,50275,12
ITEM01026,ORD00641,PROD0229,5,8380,10
ITEM01027,ORD00063,PROD0470,1,24932,40
ITEM01028,ORD00067,PROD0401,2,4263,56
ITEM01029,ORD00057,PROD0155,5,41237,55
ITEM01030,ORD00068,PROD0053,1,36851,6
ITEM01031,ORD00302,PROD0436,4,26524,12
ITEM01032,ORD00633,PROD0386,4,15477,76
ITEM01033,ORD00676,PROD0320,-1,29914,49
ITEM01034,ORD00476,PROD0408,4,57867,79
ITEM01035,ORD00635,PROD0052,3,42858,86
ITEM01036,ORD00027,PROD0233,5,21708,75
ITEM01037,ORD00198,PROD0056,1,1005,76
ITEM01038,ORD00070,PROD0304,2,59468,73
ITEM01039,ORD00130,PROD0327,5,16995,45
ITEM01040,ORD00432,PROD0247,5,29338,23
ITEM01041,ORD00249,PROD0071,1,4164,16
ITEM01042,ORD00320,PROD0300,4,33828,83
ITEM01043,ORD00367,PROD0160,5,58213,69
ITEM01044,ORD00150,PROD0076,4,20429,77
ITEM01045,ORD00352,PROD0150,3,729,66
ITEM01046,ORD00601,PROD0337,2,3956,30
ITEM01047,ORD00520,PROD0420,5,56475,6
ITEM01048,ORD00433,PROD0177,2,13331,81
ITEM01049,ORD00207,PROD0403,1,22583,24
ITEM01050,ORD00684,PROD0244,4,39506,88
ITEM01051,ORD00340,PROD0437,5,37299,42
ITEM01052,ORD00631,PROD0154,4,21736,20
ITEM01053,ORD00108,PROD0233,1,32701,28
ITEM01054,ORD00004,PROD0328,2,45630,29
ITEM01055,ORD00478,PROD0320,2,15864,61
ITEM01056,ORD00340,PROD0414,4,13655,51
ITEM01057,ORD00189,PROD0423,1,23977,1
ITEM01058,ORD00076,PROD0184,1,36552,14
ITEM01059,ORD00146,PROD0149,4,12940,80
ITEM01060,ORD00600,PROD0468,3,3077,3
ITEM01061,ORD00204,PROD0102,3,11612,28
ITEM01062,ORD00269,PROD0369,2,22470,70
ITEM01063,ORD00252,PROD0092,2,1608,22
ITEM01064,ORD00269,PROD0467,1,1575,86
ITEM01065,ORD00141,PROD0195,1,22376,26
ITEM01066,ORD00313,PROD0234,2,24424,47
ITEM01067,ORD00677,PROD0088,5,52564,79
ITEM01068,ORD00445,PROD0450,1,7965,18
ITEM01069,ORD00134,PROD0407,2,12762,68
ITEM01070,ORD00388,PROD0356,3,21037,76
ITEM01071,ORD00440,PROD0326,2,3227,97
ITEM01072,ORD00631,PROD0301,-1,56196,68
ITEM01073,ORD00302,PROD0405,2,21674,31
ITEM01074,ORD00055,PROD0323,3,57403,16
ITEM01075,ORD00521,PROD0496,5,58254,62
ITEM01076,ORD00215,PROD0373,1,51623,60
ITEM01077,ORD00680,PROD0315,1,11172,65
ITEM01078,ORD00398,PROD0385,5,24727,63
ITEM01079,ORD00532,PROD0238,2,21291,91
ITEM01080,ORD00383,PROD0270,-5,47100,63
ITEM01081,ORD00486,PROD0138,5,26476,81
ITEM01082,ORD00598,PROD0333,1,13779,28
ITEM01083,ORD00208,PROD0232,2,26145,27
ITEM01084,ORD00314,PROD0218,4,37645,20
ITEM01085,ORD00384,PROD0131,5,5754,17
ITEM01086,ORD00087,PROD0152,4,34201,45
ITEM01087,ORD00236,PROD0299,1,30690,65
ITEM01088,ORD00637,PROD0173,4,29766,59
ITEM01089,ORD00443,PROD0210,3,52924,63
ITEM01090,ORD00325,PROD0140,4,1819,22
ITEM01091,ORD00453,PROD0120,3,42493,9
ITEM01092,ORD00368,PROD0462,1,19501,64
ITEM01093,ORD00526,PROD0280,1,51702,35
ITEM01094,ORD00234,PROD0051,1,4875,46
ITEM01095,ORD00040,PROD0280,2,22073,25
ITEM01096,ORD00692,PROD0169,3,20038,95
ITEM01097,ORD00700,PROD0433,3,12693,90
ITEM01098,ORD00619,PROD0071,5,59993,33
ITEM01099,ORD00009,PROD0395,3,18671,44
ITEM01100,ORD00414,PROD0485,4,54061,74
ITEM01101,ORD00672,PROD0007,4,43066,65
ITEM01102,ORD00153,PROD0444,4,15114,29
ITEM01103,ORD00215,PROD0243,-2,34005,75
ITEM01104,ORD00566,PROD0388,4,47550,59
ITEM01105,ORD00349,PROD0406,1,20717,24
ITEM01106,ORD00440,PROD0395,4,13935,56
ITEM01107,ORD00461,PROD0437,5,2172,47
ITEM01108,ORD00143,PROD0296,2,20225,94
ITEM01109,ORD00010,PROD0256,3,22470,28
ITEM01110,ORD00430,PROD0218,4,50193,99
ITEM01111,ORD00551,PROD0154,3,38666,2
ITEM01112,ORD00582,PROD0403,1,9318,19
ITEM01113,ORD00339,PROD0291,5,40035,73
ITEM01114,ORD00401,PROD0196,2,25800,8
ITEM01115,ORD00548,PROD0198,2,31315,13
ITEM01116,ORD00337,PROD0292,4,42077,38
ITEM01117,ORD00096,PROD0088,1,44429,70
ITEM01118,ORD00182,PROD0017,5,32221,3
ITEM01119,ORD00192,PROD0102,1,59925,49
ITEM01120,ORD00291,PROD0106,2,19277,84
ITEM01121,ORD00537,PROD0036,4,3965,47
ITEM01122,ORD00531,PROD0006,2,21615,52
ITEM01123,ORD00401,PROD0081,1,8663,68
ITEM01124,ORD00429,PROD0245,1,25693,26
ITEM01125,ORD00134,PROD0446,2,20500,55
ITEM01126,ORD00681,PROD0244,2,39764,73
ITEM01127,ORD00318,PROD0301,2,33130,91
ITEM01128,ORD00470,PROD0142,2,687,18
ITEM01129,ORD00457,PROD0033,4,39839,31
ITEM01130,ORD00539,PROD0169,5,57821,62
ITEM01131,ORD00472,PROD0237,-1,2761,94
ITEM01132,ORD00094,PROD0148,4,22926,89
ITEM01133,ORD00305,PROD0201,5,54164,22
ITEM01134,ORD00426,PROD0128,2,59180,79
ITEM01135,ORD00443,PROD0235,4,59892,84
ITEM01136,ORD00188,PROD0358,5,6460,50
ITEM01137,ORD00045,PROD0123,2,18142,80
ITEM01138,ORD00551,PROD0150,1,45947,92
ITEM01139,ORD00223,PROD0466,4,27153,97
ITEM01140,ORD00567,PROD0063,3,5215,96
ITEM01141,ORD00108,PROD0259,3,27076,57
ITEM01142,ORD00169,PROD0130,2,33365,5
ITEM01143,ORD00474,PROD0014,1,42068,88
ITEM01144,ORD00692,PROD0384,4,25179,43
ITEM01145,ORD00409,PROD0439,2,26196,4
ITEM01146,ORD00011,PROD0129,1,46671,17
ITEM01147,ORD00335,PROD0344,4,31969,59
ITEM01148,ORD00070,PROD0043,5,43258,31
ITEM01149,ORD00449,PROD0072,4,53967,35
ITEM01150,ORD00166,PROD0088,1,39979,12
ITEM01151,ORD00182,PROD0151,1,35239,94
ITEM01152,ORD00401,PROD0087,1,44200,97
ITEM01153,ORD00012,PROD0347,3,10259,56
ITEM01154,ORD00367,PROD0092,2,47019,4
ITEM01155,ORD00692,PROD0273,2,29170,89
ITEM01156,ORD00049,PROD0429,5,42209,84
ITEM01157,ORD00676,PROD0460,1,25799,88
ITEM01158,ORD00316,PROD0228,1,39403,0
ITEM01159,ORD00050,PROD0396,4,50473,25
ITEM01160,ORD00256,PROD0192,2,13306,11
ITEM01161,ORD00017,PROD0216,1,1154,43
ITEM01162,ORD00197,PROD0349,1,14655,12
ITEM01163,ORD00681,PROD0086,2,3084,53
ITEM01164,ORD00525,PROD0056,3,21347,71
ITEM01165,ORD00642,PROD0098,5,13773,69
ITEM01166,ORD00405,PROD0481,4,8117,29
ITEM01167,ORD00219,PROD0055,3,21392,22
ITEM01168,ORD00016,PROD0206,3,985,49
ITEM01169,ORD00218,PROD0235,2,4526,84
ITEM01170,ORD00286,PROD0333,5,24381,5
ITEM01171,ORD00069,PROD0454,2,27141,38
ITEM01172,ORD00614,PROD0256,1,46896,68
ITEM01173,ORD00583,PROD0088,3,6409,76
ITEM01174,ORD00333,PROD0324,4,44626,98
ITEM01175,ORD00137,PROD0171,2,41838,97
ITEM01176,ORD00326,PROD0436,4,4624,42
ITEM01177,ORD00019,PROD0312,5,29619,48
ITEM01178,ORD00524,PROD0328,2,33192,75
ITEM01179,ORD00014,PROD0120,1,40593,97
ITEM01180,ORD00128,PROD0159,2,48559,54
ITEM01181,ORD00250,PROD0318,1,4127,17
ITEM01182,ORD00384,PROD0256,3,13439,19
ITEM01183,ORD00385,PROD0105,1,15801,92
ITEM01184,ORD00613,PROD0485,4,48647,42
ITEM01185,ORD00138,PROD0143,3,42379,100
ITEM01186,ORD00041,PROD0267,4,42670,36
ITEM01187,ORD00025,PROD0118,3,22661,31
ITEM01188,ORD00211,PROD0277,1,59617,85
ITEM01189,ORD00255,PROD0411,2,40050,48
ITEM01190,ORD00534,PROD0165,2,29190,80
ITEM01191,ORD00007,PROD0034,4,4786,24
ITEM01192,ORD00054,PROD0325,2,13583,16
ITEM01193,ORD00094,PROD0089,5,36169,26
ITEM01194,ORD00242,PROD0260,1,28134,92
ITEM01195,ORD00479,PROD0160,2,47495,25
ITEM01196,ORD00251,PROD0218,2,39905,31
ITEM01197,ORD00311,PROD0147,5,29577,81
ITEM01198,ORD00207,PROD0140,4,5443,46
ITEM01199,ORD00408,PROD0194,2,31048,56
ITEM01200,ORD00433,PROD0259,5,48364,55
ITEM01201,ORD00160,PROD0420,4,1498,97
ITEM01202,ORD00391,PROD0219,1,49932,38
ITEM01203,ORD00610,PROD0276,2,36431,93
ITEM01204,ORD00180,PROD0132,4,30585,39
ITEM01205,ORD00465,PROD0146,4,37040,77
ITEM01206,ORD00493,PROD0037,3,9155,91
ITEM01207,ORD00481,PROD0101,2,12627,0
ITEM01208,ORD00014,PROD0442,5,48065,92
ITEM01209,ORD00384,PROD0252,4,27451,50
ITEM01210,ORD00383,PROD0197,4,20372,82
ITEM01211,ORD00603,PROD0037,4,58199,4
ITEM01212,ORD00128,PROD0198,5,10840,24
ITEM01213,ORD00447,PROD0491,3,50745,96
ITEM01214,ORD00357,PROD0261,4,41814,88
ITEM01215,ORD00378,PROD0357,1,42857,49
ITEM01216,ORD00435,PROD0377,-4,16082,61
ITEM01217,ORD00036,PROD0472,3,41550,90
ITEM01218,ORD00693,PROD0015,2,17326,77
ITEM01219,ORD00467,PROD0484,2,16865,31
ITEM01220,ORD00617,PROD0297,2,1008,14
ITEM01221,ORD00095,PROD0330,4,26261,90
ITEM01222,ORD00601,PROD0499,1,34182,24
ITEM01223,ORD00434,PROD0085,4,16772,88
ITEM01224,ORD00310,PROD0257,5,43354,48
ITEM01225,ORD00601,PROD0158,4,49513,93
ITEM01226,ORD00092,PROD0056,5,51101,44
ITEM01227,ORD00147,PROD0138,2,49239,50
ITEM01228,ORD00316,PROD0004,2,53702,62
ITEM01229,ORD00002,PROD0050,1,50908,89
ITEM01230,ORD00428,PROD0269,4,43094,36
ITEM01231,ORD00442,PROD0088,2,24753,23
ITEM01232,ORD00138,PROD0102,4,12126,64
ITEM01233,ORD00113,PROD0231,5,53570,27
ITEM01234,ORD00191,PROD0103,1,49346,23
ITEM01235,ORD00197,PROD0133,4,29083,80
ITEM01236,ORD00640,PROD0056,2,5430,37
ITEM01237,ORD00088,PROD0194,1,18337,8
ITEM01238,ORD00351,PROD0016,5,15586,61
ITEM01239,ORD00497,PROD0345,1,823,7
ITEM01240,ORD00273,PROD0385,1,43802,74
ITEM01241,ORD00043,PROD0050,2,34431,0
ITEM01242,ORD00385,PROD0309,5,50096,34
ITEM01243,ORD00498,PROD0243,3,39808,54
ITEM01244,ORD00345,PROD0190,3,20858,30
ITEM01245,ORD00370,PROD0341,4,25001,78
ITEM01246,ORD00059,PROD0500,3,57418,42
ITEM01247,ORD00103,PROD0002,4,57251,89
ITEM01248,ORD00412,PROD0372,2,1882,77
ITEM01249,ORD00126,PROD0445,5,18515,89
ITEM01250,ORD00255,PROD0189,4,40724,87
ITEM01251,ORD00675,PROD0446,4,33945,52
ITEM01252,ORD00677,PROD0097,1,42016,41
ITEM01253,ORD00018,PROD0325,3,57441,5
ITEM01254,ORD00334,PROD0348,4,15506,77
ITEM01255,ORD00497,PROD0205,5,52232,10
ITEM01256,ORD00357,PROD0220,4,43344,89
ITEM01257,ORD00103,PROD0376,4,19458,77
ITEM01258,ORD00200,PROD0365,2,57207,66
ITEM01259,ORD00586,PROD0402,5,2280,16
ITEM01260,ORD00510,PROD0408,1,19949,86
ITEM01261,ORD00562,PROD0448,4,11213,57
ITEM01262,ORD00119,PROD0247,5,15987,31
ITEM01263,ORD00217,PROD0088,1,7112,55
ITEM01264,ORD00030,PROD0083,3,59355,49
ITEM01265,ORD00288,PROD0113,3,43842,60
ITEM01266,ORD00687,PROD0064,2,35231,81
ITEM01267,ORD00504,PROD0047,3,57343,28
ITEM01268,ORD00590,PROD0393,5,4438,82
ITEM01269,ORD00352,PROD0194,4,43055,82
ITEM01270,ORD00576,PROD0495,4,53182,29
ITEM01271,ORD00229,PROD0133,1,19269,11
ITEM01272,ORD00115,PROD0046,3,48734,75
ITEM01273,ORD00193,PROD0382,1,37741,47
ITEM01274,ORD00131,PROD0437,3,25116,73
ITEM01275,ORD00002,PROD0160,1,38870,68
ITEM01276,ORD00195,PROD0434,4,27967,40
ITEM01277,ORD00374,PROD0409,2,34262,84
ITEM01278,ORD00617,PROD0303,2,7185,50
ITEM01279,ORD00010,PROD0276,4,20904,18
ITEM01280,ORD00304,PROD0429,2,32957,87
ITEM01281,ORD00467,PROD0076,5,18772,18
ITEM01282,ORD00682,PROD0435,1,39448,40
ITEM01283,ORD00317,PROD0258,1,18120,90
ITEM01284,ORD00588,PROD0245,2,32641,37
ITEM01285,ORD00386,PROD0031,-4,10207,91
ITEM01286,ORD00216,PROD0435,2,46101,94
ITEM01287,ORD00054,PROD0473,2,56349,62
ITEM01288,ORD00402,PROD0154,2,1613,70
ITEM01289,ORD00402,PROD0173,4,44626,60
ITEM01290,ORD00357,PROD0388,4,25828,9
ITEM01291,ORD00541,PROD0373,3,18705,89
ITEM01292,ORD00200,PROD0359,5,26006,12
ITEM01293,ORD00135,PROD0166,5,56944,6
ITEM01294,ORD00312,PROD0235,2,38024,17
ITEM01295,ORD00453,PROD0357,4,19276,18
ITEM01296,ORD00215,PROD0112,2,48389,83
ITEM01297,ORD00010,PROD0186,5,6881,86
ITEM01298,ORD00152,PROD0193,4,44728,21
ITEM01299,ORD00058,PROD0050,3,31255,22
ITEM01300,ORD00054,PROD0061,5,42804,43
ITEM01301,ORD00608,PROD0223,2,41289,92
ITEM01302,ORD00414,PROD0126,1,7985,30
ITEM01303,ORD00407,PROD0251,3,45287,76
ITEM01304,ORD00177,PROD0335,4,51046,88
ITEM01305,ORD00687,PROD0338,1,51169,59
ITEM01306,ORD00666,PROD0196,3,41640,83
ITEM01307,ORD00456,PROD0189,1,8064,14
ITEM01308,ORD00085,PROD0063,4,42235,85
ITEM01309,ORD00522,PROD0116,1,38659,73
ITEM01310,ORD00587,PROD0246,3,45664,95
ITEM01311,ORD00097,PROD0407,5,12068,49
ITEM01312,ORD00496,PROD0331,-5,19753,73
ITEM01313,ORD00129,PROD0051,3,4361,91
ITEM01314,ORD00551,PROD0095,4,53472,89
ITEM01315,ORD00021,PROD0202,5,53773,68
ITEM01316,ORD00543,PROD0251,1,34206,74
ITEM01317,ORD00552,PROD0366,1,49581,96
ITEM01318,ORD00213,PROD0495,-5,12040,76
ITEM01319,ORD00185,PROD0003,5,29509,40
ITEM01320,ORD00126,PROD0021,2,37888,26
ITEM01321,ORD00669,PROD0083,1,37063,32
ITEM01322,ORD00036,PROD0044,1,33370,38
ITEM01323,ORD00373,PROD0495,5,11446,54
ITEM01324,ORD00674,PROD0001,2,19900,5
ITEM01325,ORD00532,PROD0464,3,43398,68
ITEM01326,ORD00456,PROD0072,5,32341,88
ITEM01327,ORD00321,PROD0268,3,39926,68
ITEM01328,ORD00523,PROD0108,1,43625,5
ITEM01329,ORD00243,PROD0019,2,9484,38
ITEM01330,ORD00221,PROD0491,2,39662,70
ITEM01331,ORD00222,PROD0303,3,18379,16
ITEM01332,ORD00638,PROD0217,1,36234,32
ITEM01333,ORD00267,PROD0196,2,26418,58
ITEM01334,ORD00086,PROD0484,3,44536,54
ITEM01335,ORD00147,PROD0275,2,4824,80
ITEM01336,ORD00276,PROD0325,2,47021,47
ITEM01337,ORD00578,PROD0337,5,39845,20
ITEM01338,ORD00430,PROD0421,2,20932,100
ITEM01339,ORD00445,PROD0195,1,39758,31
ITEM01340,ORD00080,PROD0139,1,35030,14
ITEM01341,ORD00562,PROD0209,1,21784,81
ITEM01342,ORD00092,PROD0186,3,51191,34
ITEM01343,ORD00150,PROD0445,2,18133,1
ITEM01344,ORD00101,PROD0194,2,25014,13
ITEM01345,ORD00127,PROD0090,5,47931,39
ITEM01346,ORD00603,PROD0421,4,6461,67
ITEM01347,ORD00358,PROD0359,5,56914,36
ITEM01348,ORD00565,PROD0139,5,6692,6
ITEM01349,ORD00175,PROD0163,4,12040,44
ITEM01350,ORD00695,PROD0496,5,36354,76
ITEM01351,ORD00413,PROD0245,5,8560,33
ITEM01352,ORD00010,PROD0352,5,46941,19
ITEM01353,ORD00674,PROD0065,2,25025,72
ITEM01354,ORD00274,PROD0028,3,46566,99
ITEM01355,ORD00256,PROD0348,5,27610,90
ITEM01356,ORD00469,PROD0094,4,23399,59
ITEM01357,ORD00515,PROD0147,3,28234,66
ITEM01358,ORD00235,PROD0157,1,20231,52
ITEM01359,ORD00321,PROD0433,1,41794,10
ITEM01360,ORD00079,PROD0374,2,6336,21
ITEM01361,ORD00590,PROD0030,1,48920,36
ITEM01362,ORD00568,PROD0476,4,53175,1
ITEM01363,ORD00435,PROD0347,5,48093,17
ITEM01364,ORD00492,PROD0255,5,45100,86
ITEM01365,ORD00546,PROD0358,1,26772,1
ITEM01366,ORD00632,PROD0098,1,47003,54
ITEM01367,ORD00548,PROD0384,3,16205,94
ITEM01368,ORD00678,PROD0487,5,45031,77
ITEM01369,ORD00044,PROD0311,4,11244,86
ITEM01370,ORD00537,PROD0463,2,11656,9
ITEM01371,ORD00376,PROD0430,2,33864,45
ITEM01372,ORD00053,PROD0217,4,25044,21
ITEM01373,ORD00383,PROD0497,1,22348,86
ITEM01374,ORD00256,PROD0426,5,55956,98
ITEM01375,ORD00121,PROD0149,3,31862,37
ITEM01376,ORD00272,PROD0110,1,48567,80
ITEM01377,ORD00583,PROD0202,2,20176,82
ITEM01378,ORD00528,PROD0423,1,30546,79
ITEM01379,ORD00500,PROD0030,3,586,78
ITEM01380,ORD00472,PROD0169,3,23392,13
ITEM01381,ORD00006,PROD0180,2,26549,45
ITEM01382,ORD00010,PROD0052,4,32446,25
ITEM01383,ORD00087,PROD0271,5,59084,19
ITEM01384,ORD00421,PROD0064,4,652,19
ITEM01385,ORD00673,PROD0129,2,31047,50
ITEM01386,ORD00384,PROD0154,3,28271,23
ITEM01387,ORD00550,PROD0416,3,7323,56
ITEM01388,ORD00673,PROD0430,4,10805,17
ITEM01389,ORD00363,PROD0383,4,580,45
ITEM01390,ORD00204,PROD0057,2,18871,5
ITEM01391,ORD00137,PROD0203,4,48953,42
ITEM01392,ORD00033,PROD0083,2,31611,85
ITEM01393,ORD00273,PROD0061,4,32251,70
ITEM01394,ORD00508,PROD0410,2,21491,96
ITEM01395,ORD00410,PROD0257,4,8812,14
ITEM01396,ORD00111,PROD0406,1,8465,19
ITEM01397,ORD00353,PROD0257,1,50491,87
ITEM01398,ORD00243,PROD0027,3,28358,76
ITEM01399,ORD00009,PROD0223,4,19170,36
ITEM01400,ORD00498,PROD0043,4,16436,79
ITEM01401,ORD00157,PROD0374,5,12446,31
ITEM01402,ORD00288,PROD0393,1,56834,33
ITEM01403,ORD00254,PROD0342,4,13203,60
ITEM01404,ORD00106,PROD0359,5,40249,23
ITEM01405,ORD00194,PROD0438,5,41416,81
ITEM01406,ORD00153,PROD0118,1,8870,51
ITEM01407,ORD00040,PROD0141,2,9781,54
ITEM01408,ORD00019,PROD0316,2,6159,6
ITEM01409,ORD00390,PROD0209,5,20283,89
ITEM01410,ORD00649,PROD0119,2,22231,54
ITEM01411,ORD00491,PROD0032,5,28188,82
ITEM01412,ORD00053,PROD0156,1,17845,46
ITEM01413,ORD00288,PROD0483,3,46834,53
ITEM01414,ORD00253,PROD0164,1,12111,5
ITEM01415,ORD00001,PROD0027,3,14092,36
ITEM01416,ORD00484,PROD0144,5,6803,55
ITEM01417,ORD00190,PROD0130,4,24027,42
ITEM01418,ORD00312,PROD0058,1,44040,1
ITEM01419,ORD00700,PROD0283,2,21906,46
ITEM01420,ORD00371,PROD0381,5,34859,77
ITEM01421,ORD00381,PROD0122,3,13964,74
ITEM01422,ORD00394,PROD0045,1,8751,80
ITEM01423,ORD00617,PROD0062,1,38640,83
ITEM01424,ORD00196,PROD0099,-1,6664,9
ITEM01425,ORD00560,PROD0317,3,19957,92
ITEM01426,ORD00486,PROD0390,2,35167,92
ITEM01427,ORD00158,PROD0023,-4,12763,53
ITEM01428,ORD00564,PROD0365,3,58631,97
ITEM01429,ORD00574,PROD0500,3,58849,46
ITEM01430,ORD00460,PROD0323,1,59893,55
ITEM01431,ORD00070,PROD0248,4,34525,64
ITEM01432,ORD00023,PROD0086,5,18166,89
ITEM01433,ORD00133,PROD0149,1,37304,7
ITEM01434,ORD00195,PROD0380,4,32642,87
ITEM01435,ORD00546,PROD0446,5,5114,21
ITEM01436,ORD00449,PROD0385,5,25375,71
ITEM01437,ORD00400,PROD0206,5,17992,26
ITEM01438,ORD00189,PROD0002,2,37679,27
ITEM01439,ORD00607,PROD0357,1,57816,65
ITEM01440,ORD00467,PROD0258,5,17162,38
ITEM01441,ORD00226,PROD0152,3,36385,15
ITEM01442,ORD00176,PROD0115,1,35167,30
ITEM01443,ORD00299,PROD0021,2,58107,35
ITEM01444,ORD00137,PROD0139,1,42301,31
ITEM01445,ORD00216,PROD0274,1,291,83
ITEM01446,ORD00356,PROD0324,5,24390,41
ITEM01447,ORD00086,PROD0485,5,17504,92
ITEM01448,ORD00137,PROD0210,5,19526,41
ITEM01449,ORD00059,PROD0321,1,54197,45
ITEM01450,ORD00225,PROD0375,3,11782,32
ITEM01451,ORD00017,PROD0276,5,7175,92
ITEM01452,ORD00392,PROD0485,-5,57218,80
ITEM01453,ORD00650,PROD0310,5,13710,56
ITEM01454,ORD00226,PROD0167,3,13564,74
ITEM01455,ORD00645,PROD0414,4,10400,57
ITEM01456,ORD00238,PROD0374,4,24359,18
ITEM01457,ORD00491,PROD0048,4,12095,58
ITEM01458,ORD00190,PROD0418,2,12577,72
ITEM01459,ORD00503,PROD0483,2,42638,36
ITEM01460,ORD00022,PROD0159,2,58215,22
ITEM01461,ORD00404,PROD0352,5,12510,8
ITEM01462,ORD00147,PROD0037,4,16272,58
ITEM01463,ORD00661,PROD0497,-2,6768,92
ITEM01464,ORD00540,PROD0071,1,39737,12
ITEM01465,ORD00387,PROD0197,1,7411,1
ITEM01466,ORD00660,PROD0479,1,8862,31
ITEM01467,ORD00086,PROD0138,2,41316,76
ITEM01468,ORD00014,PROD0406,1,52082,13
ITEM01469,ORD00556,PROD0377,3,56083,90
ITEM01470,ORD00088,PROD0104,2,31685,97
ITEM01471,ORD00577,PROD0457,4,53642,20
ITEM01472,ORD00315,PROD0170,4,10326,31
ITEM01473,ORD00058,PROD0279,3,41322,69
ITEM01474,ORD00127,PROD0011,1,6938,69
ITEM01475,ORD00304,PROD0053,5,58294,53
ITEM01476,ORD00146,PROD0001,2,1772,29
ITEM01477,ORD00438,PROD0198,2,23354,83
ITEM01478,ORD00294,PROD0116,4,45207,91
ITEM01479,ORD00116,PROD0252,2,7417,28
ITEM01480,ORD00105,PROD0490,3,23616,9
ITEM01481,ORD00631,PROD0171,1,23825,10
ITEM01482,ORD00045,PROD0310,2,11869,54
ITEM01483,ORD00544,PROD0172,5,12085,86
ITEM01484,ORD00436,PROD0077,3,41144,36
ITEM01485,ORD00357,PROD0449,1,17966,63
ITEM01486,ORD00678,PROD0189,3,53331,91
ITEM01487,ORD00079,PROD0404,1,56673,19
ITEM01488,ORD00672,PROD0076,3,9884,49
ITEM01489,ORD00458,PROD0370,4,53588,8
ITEM01490,ORD00116,PROD0296,4,47825,35
ITEM01491,ORD00149,PROD0047,-3,8558,23
ITEM01492,ORD00395,PROD0181,3,32588,54
ITEM01493,ORD00493,PROD0356,4,39635,81
ITEM01494,ORD00342,PROD0071,-5,25312,53
ITEM01495,ORD00563,PROD0255,5,35181,63
ITEM01496,ORD00546,PROD0275,2,25406,10
ITEM01497,ORD00595,PROD0367,4,34733,73
ITEM01498,ORD00225,PROD0360,1,15613,46
ITEM01499,ORD00003,PROD0105,1,23950,71
ITEM01500,ORD00486,PROD0491,2,7419,7
ITEM01501,ORD00358,PROD0185,2,19513,58
ITEM01502,ORD00148,PROD0428,5,27795,31
ITEM01503,ORD00216,PROD0424,2,3861,95
ITEM01504,ORD00142,PROD0061,2,24937,93
ITEM01505,ORD00027,PROD0357,4,24558,6
ITEM01506,ORD00109,PROD0340,5,5034,61
ITEM01507,ORD00609,PROD0446,2,2178,18
ITEM01508,ORD00375,PROD0073,1,16259,9
ITEM01509,ORD00013,PROD0292,4,10011,97
ITEM01510,ORD00187,PROD0241,2,49227,67
ITEM01511,ORD00307,PROD0241,4,47553,43
ITEM01512,ORD00455,PROD0401,1,18993,14
ITEM01513,ORD00160,PROD0031,1,39795,96
ITEM01514,ORD00178,PROD0258,2,912,50
ITEM01515,ORD00434,PROD0349,4,36517,91
ITEM01516,ORD00265,PROD0471,5,33090,39
ITEM01517,ORD00233,PROD0217,-1,18014,11
ITEM01518,ORD00535,PROD0194,2,48902,27
ITEM01519,ORD00411,PROD0317,1,14546,50
ITEM01520,ORD00189,PROD0422,5,39854,9
ITEM01521,ORD00480,PROD0245,3,42975,82
ITEM01522,ORD00415,PROD0424,4,11001,6
ITEM01523,ORD00381,PROD0332,4,12961,34
ITEM01524,ORD00112,PROD0054,1,23970,77
ITEM01525,ORD00344,PROD0015,2,18694,20
ITEM01526,ORD00555,PROD0055,1,14087,76
ITEM01527,ORD00012,PROD0388,3,12503,70
ITEM01528,ORD00207,PROD0327,1,15950,34
ITEM01529,ORD00088,PROD0292,5,3140,72
ITEM01530,ORD00496,PROD0024,1,20816,11
ITEM01531,ORD00317,PROD0005,3,49462,36
ITEM01532,ORD00408,PROD0257,2,20809,96
ITEM01533,ORD00401,PROD0372,3,8688,89
ITEM01534,ORD00691,PROD0050,3,26891,94
ITEM01535,ORD00516,PROD0052,5,53119,99
ITEM01536,ORD00154,PROD0013,5,52371,48
ITEM01537,ORD00489,PROD0301,1,19213,20
ITEM01538,ORD00156,PROD0350,4,5361,80
ITEM01539,ORD00096,PROD0488,2,58160,27
ITEM01540,ORD00698,PROD0335,2,50585,91
ITEM01541,ORD00165,PROD0494,5,34036,93
ITEM01542,ORD00624,PROD0334,5,50573,43
ITEM01543,ORD00459,PROD0403,2,22418,37
ITEM01544,ORD00369,PROD0320,4,2822,91
ITEM01545,ORD00700,PROD0199,2,13885,78
ITEM01546,ORD00622,PROD0039,2,37352,80
ITEM01547,ORD00510,PROD0050,1,9546,98
ITEM01548,ORD00317,PROD0281,1,32896,12
ITEM01549,ORD00466,PROD0161,2,19572,20
ITEM01550,ORD00070,PROD0144,5,24011,45
ITEM01551,ORD00092,PROD0037,2,46773,98
ITEM01552,ORD00472,PROD0133,4,16978,97
ITEM01553,ORD00453,PROD0333,2,8324,72
ITEM01554,ORD00500,PROD0021,3,56495,36
ITEM01555,ORD00411,PROD0210,5,44802,16
ITEM01556,ORD00452,PROD0188,5,55567,79
ITEM01557,ORD00322,PROD0192,1,44908,52
ITEM01558,ORD00519,PROD0231,3,57701,87
ITEM01559,ORD00044,PROD0318,1,48764,31
ITEM01560,ORD00575,PROD0005,2,56106,13
ITEM01561,ORD00298,PROD0193,2,37564,51
ITEM01562,ORD00075,PROD0115,4,57488,59
ITEM01563,ORD00686,PROD0048,3,30731,59
ITEM01564,ORD00658,PROD0274,4,7351,10
ITEM01565,ORD00185,PROD0375,1,26214,98
ITEM01566,ORD00444,PROD0103,4,21743,8
ITEM01567,ORD00325,PROD0176,5,32069,27
ITEM01568,ORD00488,PROD0059,3,29991,4
ITEM01569,ORD00559,PROD0080,4,9736,81
ITEM01570,ORD00219,PROD0164,5,2252,76
ITEM01571,ORD00390,PROD0032,3,51944,55
ITEM01572,ORD00485,PROD0110,1,14060,2
ITEM01573,ORD00434,PROD0139,3,41860,22
ITEM01574,ORD00086,PROD0073,1,18150,51
ITEM01575,ORD00084,PROD0153,4,57300,53
ITEM01576,ORD00538,PROD0110,3,12263,6
ITEM01577,ORD00095,PROD0459,4,22614,96
ITEM01578,ORD00305,PROD0085,2,23090,53
ITEM01579,ORD00494,PROD0244,5,45343,100
ITEM01580,ORD00165,PROD0495,4,23445,88
ITEM01581,ORD00585,PROD0200,1,36959,100
ITEM01582,ORD00612,PROD0102,1,47564,85
ITEM01583,ORD00593,PROD0316,2,21416,85
ITEM01584,ORD00325,PROD0008,2,58953,58
ITEM01585,ORD00152,PROD0256,3,7645,86
ITEM01586,ORD00417,PROD0135,-5,47535,0
ITEM01587,ORD00462,PROD0483,2,41769,57
ITEM01588,ORD00655,PROD0497,5,6586,4
ITEM01589,ORD00224,PROD0382,2,27736,89
ITEM01590,ORD00560,PROD0397,2,39583,48
ITEM01591,ORD00222,PROD0179,2,12727,86
ITEM01592,ORD00591,PROD0490,1,24465,46
ITEM01593,ORD00017,PROD0155,3,33104,15
ITEM01594,ORD00512,PROD0333,4,27335,52
ITEM01595,ORD00361,PROD0181,5,28108,66
ITEM01596,ORD00344,PROD0059,2,30269,54
ITEM01597,ORD00383,PROD0091,5,39186,20
ITEM01598,ORD00556,PROD0224,4,18879,84
ITEM01599,ORD00697,PROD0224,3,46212,79
ITEM01600,ORD00102,PROD0045,1,6074,83
ITEM01601,ORD00017,PROD0316,4,6994,63
ITEM01602,ORD00639,PROD0475,5,6734,81
ITEM01603,ORD00455,PROD0258,5,53013,4
ITEM01604,ORD00684,PROD0149,4,14085,28
ITEM01605,ORD00466,PROD0283,4,7703,25
ITEM01606,ORD00481,PROD0487,1,23177,59
ITEM01607,ORD00423,PROD0465,4,698,47
ITEM01608,ORD00230,PROD0260,3,17738,84
ITEM01609,ORD00271,PROD0158,4,44325,30
ITEM01610,ORD00005,PROD0461,4,2341,1
ITEM01611,ORD00027,PROD0079,3,55300,66
ITEM01612,ORD00615,PROD0163,3,11368,73
ITEM01613,ORD00441,PROD0124,5,25848,24
ITEM01614,ORD00632,PROD0330,4,54499,6
ITEM01615,ORD00592,PROD0220,2,41898,49
ITEM01616,ORD00178,PROD0207,3,34100,20
ITEM01617,ORD00448,PROD0119,1,46732,16
ITEM01618,ORD00517,PROD0061,5,51598,50
ITEM01619,ORD00643,PROD0470,3,55075,70
ITEM01620,ORD00163,PROD0486,3,13553,11
ITEM01621,ORD00096,PROD0014,4,956,80
ITEM01622,ORD00608,PROD0079,1,40707,90
ITEM01623,ORD00557,PROD0472,1,37673,48
ITEM01624,ORD00026,PROD0381,2,29934,81
ITEM01625,ORD00647,PROD0399,3,12426,30
ITEM01626,ORD00669,PROD0460,2,19659,24
ITEM01627,ORD00549,PROD0431,2,47799,99
ITEM01628,ORD00388,PROD0395,3,43405,6
ITEM01629,ORD00282,PROD0043,2,41319,2
ITEM01630,ORD00654,PROD0297,1,7470,58
ITEM01631,ORD00611,PROD0063,1,9495,36
ITEM01632,ORD00269,PROD0459,2,6280,9
ITEM01633,ORD00507,PROD0433,3,55139,26
ITEM01634,ORD00401,PROD0052,4,52330,2
ITEM01635,ORD00424,PROD0038,4,41204,9
ITEM01636,ORD00216,PROD0352,4,24792,40
ITEM01637,ORD00649,PROD0466,-3,53189,20
ITEM01638,ORD00185,PROD0153,1,59420,22
ITEM01639,ORD00676,PROD0291,5,56220,4
ITEM01640,ORD00121,PROD0500,3,22926,61
ITEM01641,ORD00629,PROD0308,5,528,20
ITEM01642,ORD00535,PROD0380,3,8168,24
ITEM01643,ORD00621,PROD0016,5,1709,66
ITEM01644,ORD00525,PROD0390,2,14375,46
ITEM01645,ORD00118,PROD0461,2,2133,41
ITEM01646,ORD00142,PROD0113,1,47893,88
ITEM01647,ORD00130,PROD0138,3,31760,25
ITEM01648,ORD00095,PROD0179,5,42924,37
ITEM01649,ORD00479,PROD0382,4,28777,65
ITEM01650,ORD00410,PROD0473,2,16590,22
ITEM01651,ORD00203,PROD0352,3,25944,13
ITEM01652,ORD00598,PROD0407,5,20620,21
ITEM01653,ORD00211,PROD0489,4,28607,57
ITEM01654,ORD00434,PROD0306,3,53670,40
ITEM01655,ORD00638,PROD0056,5,25303,54
ITEM01656,ORD00205,PROD0291,3,24707,80
ITEM01657,ORD00066,PROD0231,2,58490,4
ITEM01658,ORD00524,PROD0130,5,27057,37
ITEM01659,ORD00619,PROD0424,5,23285,50
ITEM01660,ORD00031,PROD0059,2,53221,41
ITEM01661,ORD00440,PROD0405,2,23645,31
ITEM01662,ORD00075,PROD0111,3,24577,18
ITEM01663,ORD00322,PROD0063,1,21079,88
ITEM01664,ORD00012,PROD0368,3,14209,59
ITEM01665,ORD00582,PROD0408,3,59100,29
ITEM01666,ORD00576,PROD0034,4,18786,77
ITEM01667,ORD00218,PROD0270,2,6944,71
ITEM01668,ORD00285,PROD0367,5,58091,85
ITEM01669,ORD00077,PROD0294,4,44904,96
ITEM01670,ORD00446,PROD0163,3,13185,25
ITEM01671,ORD00051,PROD0411,4,32879,5
ITEM01672,ORD00282,PROD0216,1,8332,57
ITEM01673,ORD00176,PROD0308,3,38942,49
ITEM01674,ORD00243,PROD0296,1,18880,2
ITEM01675,ORD00660,PROD0402,5,504,59
ITEM01676,ORD00292,PROD0068,4,2625,68
ITEM01677,ORD00541,PROD0021,3,42456,2
ITEM01678,ORD00072,PROD0241,1,54585,53
ITEM01679,ORD00309,PROD0141,3,49593,44
ITEM01680,ORD00410,PROD0041,5,50965,40
ITEM01681,ORD00506,PROD0314,1,25977,38
ITEM01682,ORD00466,PROD0253,1,55451,47
ITEM01683,ORD00633,PROD0053,1,14881,6
ITEM01684,ORD00011,PROD0072,1,21358,88
ITEM01685,ORD00447,PROD0116,2,5968,24
ITEM01686,ORD00378,PROD0418,5,523,88
ITEM01687,ORD00054,PROD0133,1,7461,6
ITEM01688,ORD00312,PROD0039,3,21782,88
ITEM01689,ORD00628,PROD0406,-4,17888,89
ITEM01690,ORD00175,PROD0474,2,38437,58
ITEM01691,ORD00123,PROD0065,3,56685,18
ITEM01692,ORD00599,PROD0455,4,41940,57
ITEM01693,ORD00685,PROD0063,5,34776,30
ITEM01694,ORD00592,PROD0245,4,18585,41
ITEM01695,ORD00495,PROD0116,1,17489,98
ITEM01696,ORD00304,PROD0365,1,23334,71
ITEM01697,ORD00249,PROD0338,2,45745,9
ITEM01698,ORD00077,PROD0498,-3,4149,27
ITEM01699,ORD00014,PROD0344,2,30880,49
ITEM01700,ORD00193,PROD0250,1,22511,26
ITEM01701,ORD00605,PROD0390,5,33880,40
ITEM01702,ORD00320,PROD0363,4,43145,19
ITEM01703,ORD00517,PROD0055,2,14538,46
ITEM01704,ORD00395,PROD0500,4,57075,79
ITEM01705,ORD00526,PROD0104,4,12517,8
ITEM01706,ORD00285,PROD0217,2,45175,39
ITEM01707,ORD00592,PROD0332,1,9852,59
ITEM01708,ORD00110,PROD0382,1,15965,2
ITEM01709,ORD00472,PROD0096,3,2073,60
ITEM01710,ORD00678,PROD0272,4,23265,33
ITEM01711,ORD00122,PROD0475,5,5709,45
ITEM01712,ORD00442,PROD0109,2,26213,64
ITEM01713,ORD00442,PROD0261,3,3683,56
ITEM01714,ORD00280,PROD0190,1,3420,83
ITEM01715,ORD00392,PROD0375,4,12909,37
ITEM01716,ORD00194,PROD0207,2,39131,35
ITEM01717,ORD00543,PROD0312,4,34188,55
ITEM01718,ORD00112,PROD0349,1,42558,31
ITEM01719,ORD00114,PROD0113,1,3682,4
ITEM01720,ORD00590,PROD0137,2,4515,68
ITEM01721,ORD00104,PROD0142,2,58042,79
ITEM01722,ORD00415,PROD0201,4,6839,28
ITEM01723,ORD00275,PROD0254,2,11408,100
ITEM01724,ORD00209,PROD0178,3,46458,76
ITEM01725,ORD00295,PROD0376,1,6376,23
ITEM01726,ORD00516,PROD0465,5,31444,94
ITEM01727,ORD00313,PROD0437,2,11356,40
ITEM01728,ORD00698,PROD0036,2,12477,42
ITEM01729,ORD00467,PROD0073,1,43849,60
ITEM01730,ORD00439,PROD0172,1,11833,33
ITEM01731,ORD00079,PROD0088,1,39128,45
ITEM01732,ORD00486,PROD0299,1,32201,31
ITEM01733,ORD00484,PROD0057,1,53869,2
ITEM01734,ORD00581,PROD0349,3,54946,29
ITEM01735,ORD00538,PROD0258,2,49679,18
ITEM01736,ORD00097,PROD0052,3,52883,94
ITEM01737,ORD00344,PROD0232,4,48356,44
ITEM01738,ORD00559,PROD0132,4,16815,46
ITEM01739,ORD00470,PROD0007,3,19935,90
ITEM01740,ORD00342,PROD0457,5,50959,84
ITEM01741,ORD00611,PROD0248,1,17890,87
ITEM01742,ORD00532,PROD0373,1,9892,52
ITEM01743,ORD00226,PROD0338,2,23609,63
ITEM01744,ORD00032,PROD0126,5,48762,89
ITEM01745,ORD00442,PROD0185,2,48982,11
ITEM01746,ORD00199,PROD0472,4,42060,13
ITEM01747,ORD00281,PROD0450,5,59131,57
ITEM01748,ORD00540,PROD0090,3,59859,86
ITEM01749,ORD00358,PROD0455,3,25826,75
ITEM01750,ORD00428,PROD0484,3,20471,24
ITEM01751,ORD00043,PROD0297,5,46195,43
ITEM01752,ORD00628,PROD0063,4,52322,58
ITEM01753,ORD00581,PROD0496,3,19101,14
ITEM01754,ORD00009,PROD0256,2,30760,87
ITEM01755,ORD00154,PROD0268,3,41081,71
ITEM01756,ORD00681,PROD0084,3,32104,36
ITEM01757,ORD00067,PROD0410,3,1221,58
ITEM01758,ORD00042,PROD0112,3,54298,75
ITEM01759,ORD00127,PROD0028,4,20242,0
ITEM01760,ORD00441,PROD0181,1,3470,32
ITEM01761,ORD00142,PROD0180,3,51663,64
ITEM01762,ORD00682,PROD0491,5,10360,11
ITEM01763,ORD00278,PROD0074,2,28514,74
ITEM01764,ORD00083,PROD0149,2,2306,60
ITEM01765,ORD00364,PROD0128,4,27893,51
ITEM01766,ORD00101,PROD0458,3,19993,76
ITEM01767,ORD00319,PROD0089,-1,28761,86
ITEM01768,ORD00331,PROD0412,5,9321,87
ITEM01769,ORD00205,PROD0129,2,27483,70
ITEM01770,ORD00205,PROD0155,3,5809,38
ITEM01771,ORD00581,PROD0475,4,35971,23
ITEM01772,ORD00385,PROD0401,4,6494,17
ITEM01773,ORD00540,PROD0227,3,33218,87
ITEM01774,ORD00367,PROD0240,3,28227,59
ITEM01775,ORD00431,PROD0493,4,30430,3
ITEM01776,ORD00573,PROD0014,4,5995,96
ITEM01777,ORD00144,PROD0315,3,51752,31
ITEM01778,ORD00595,PROD0263,3,8541,79
ITEM01779,ORD00557,PROD0461,5,57727,37
ITEM01780,ORD00055,PROD0387,4,8453,51
ITEM01781,ORD00687,PROD0004,4,53119,97
ITEM01782,ORD00531,PROD0236,1,5748,7
ITEM01783,ORD00277,PROD0425,1,22055,76
ITEM01784,ORD00100,PROD0421,3,37256,61
ITEM01785,ORD00340,PROD0443,1,8158,94
ITEM01786,ORD00599,PROD0346,5,48654,91
ITEM01787,ORD00055,PROD0360,-4,34033,18
ITEM01788,ORD00576,PROD0380,4,9139,28
ITEM01789,ORD00692,PROD0328,2,19919,80
ITEM01790,ORD00319,PROD0369,1,52996,62
ITEM01791,ORD00639,PROD0353,2,7717,8
ITEM01792,ORD00001,PROD0079,5,57865,15
ITEM01793,ORD00533,PROD0050,2,13588,13
ITEM01794,ORD00486,PROD0013,-2,29285,50
ITEM01795,ORD00057,PROD0475,1,19855,51
ITEM01796,ORD00496,PROD0095,2,55363,69
ITEM01797,ORD00267,PROD0421,5,44851,56
ITEM01798,ORD00674,PROD0316,-5,28534,18
ITEM01799,ORD00652,PROD0012,2,9485,95
ITEM01800,ORD00674,PROD0124,2,33722,94
ITEM01801,ORD00560,PROD0103,4,31687,37
ITEM01802,ORD00297,PROD0342,1,38785,63
ITEM01803,ORD00377,PROD0342,3,25836,49
ITEM01804,ORD00110,PROD0238,4,53513,54
ITEM01805,ORD00152,PROD0015,3,30155,15
ITEM01806,ORD00578,PROD0200,1,38246,38
ITEM01807,ORD00035,PROD0331,5,29329,5
ITEM01808,ORD00364,PROD0493,2,30864,92
ITEM01809,ORD00470,PROD0142,1,10575,45
ITEM01810,ORD00513,PROD0439,5,14013,44
ITEM01811,ORD00538,PROD0200,5,4313,22
ITEM01812,ORD00672,PROD0078,3,43187,92
ITEM01813,ORD00577,PROD0174,4,47070,100
ITEM01814,ORD00144,PROD0143,3,26016,8
ITEM01815,ORD00661,PROD0248,4,31116,77
ITEM01816,ORD00675,PROD0093,5,46632,64
ITEM01817,ORD00675,PROD0270,3,8681,89
ITEM01818,ORD00332,PROD0302,5,23012,74
ITEM01819,ORD00633,PROD0425,4,4628,5
ITEM01820,ORD00031,PROD0437,2,15384,12
ITEM01821,ORD00682,PROD0055,4,44720,60
ITEM01822,ORD00332,PROD0390,2,50776,93
ITEM01823,ORD00243,PROD0054,2,47920,49
ITEM01824,ORD00431,PROD0473,1,4258,78
ITEM01825,ORD00257,PROD0059,1,55696,95
ITEM01826,ORD00075,PROD0227,3,39949,80
ITEM01827,ORD00031,PROD0473,2,21247,13
ITEM01828,ORD00461,PROD0194,2,41972,73
ITEM01829,ORD00570,PROD0103,2,16747,62
ITEM01830,ORD00449,PROD0348,3,14978,25
ITEM01831,ORD00166,PROD0223,5,53197,24
ITEM01832,ORD00089,PROD0299,1,41429,85
ITEM01833,ORD00099,PROD0105,1,53284,17
ITEM01834,ORD00006,PROD0185,4,37443,69
ITEM01835,ORD00074,PROD0175,2,44919,93
ITEM01836,ORD00658,PROD0271,4,12660,26
ITEM01837,ORD00585,PROD0424,-2,33023,45
ITEM01838,ORD00366,PROD0317,5,56129,17
ITEM01839,ORD00069,PROD0225,4,41190,48
ITEM01840,ORD00073,PROD0292,1,8535,100
ITEM01841,ORD00530,PROD0153,1,7928,63
ITEM01842,ORD00237,PROD0027,5,35624,42
ITEM01843,ORD00024,PROD0115,3,54473,32
ITEM01844,ORD00400,PROD0361,3,4653,20
ITEM01845,ORD00295,PROD0039,5,37906,30
ITEM01846,ORD00531,PROD0478,5,32971,39
ITEM01847,ORD00409,PROD0317,1,35978,89
ITEM01848,ORD00114,PROD0299,4,17439,83
ITEM01849,ORD00031,PROD0017,3,27817,33
ITEM01850,ORD00206,PROD0172,1,9328,26
ITEM01851,ORD00561,PROD0419,3,49833,84
ITEM01852,ORD00064,PROD0121,4,4978,72
ITEM01853,ORD00625,PROD0360,1,22865,9
ITEM01854,ORD00427,PROD0307,5,5481,70
ITEM01855,ORD00491,PROD0485,2,17928,92
ITEM01856,ORD00043,PROD0054,1,32744,64
ITEM01857,ORD00231,PROD0333,3,28479,61
ITEM01858,ORD00311,PROD0401,2,1605,7
ITEM01859,ORD00027,PROD0397,2,35208,77
ITEM01860,ORD00389,PROD0350,1,36408,61
ITEM01861,ORD00054,PROD0199,4,45776,16
ITEM01862,ORD00441,PROD0360,4,36214,17
ITEM01863,ORD00119,PROD0225,1,58995,78
ITEM01864,ORD00377,PROD0181,2,22687,55
ITEM01865,ORD00060,PROD0122,2,6228,75
ITEM01866,ORD00011,PROD0117,4,49186,96
ITEM01867,ORD00550,PROD0291,1,52744,1
ITEM01868,ORD00256,PROD0417,1,5220,7
ITEM01869,ORD00130,PROD0225,2,18720,5
ITEM01870,ORD00322,PROD0180,5,43139,31
ITEM01871,ORD00300,PROD0067,5,26271,61
ITEM01872,ORD00674,PROD0063,1,5205,32
ITEM01873,ORD00557,PROD0106,4,46419,94
ITEM01874,ORD00366,PROD0460,2,29267,91
ITEM01875,ORD00310,PROD0483,3,51331,70
ITEM01876,ORD00300,PROD0445,2,34727,34
ITEM01877,ORD00327,PROD0358,5,33193,13
ITEM01878,ORD00056,PROD0178,4,46435,79
ITEM01879,ORD00498,PROD0144,1,13540,17
ITEM01880,ORD00534,PROD0119,3,48821,70
ITEM01881,ORD00216,PROD0063,3,47707,100
ITEM01882,ORD00146,PROD0019,2,45966,56
ITEM01883,ORD00666,PROD0392,4,7686,2
ITEM01884,ORD00511,PROD0429,1,17914,35
ITEM01885,ORD00603,PROD0197,3,54409,10
ITEM01886,ORD00062,PROD0143,-3,25361,63
ITEM01887,ORD00020,PROD0442,4,25409,56
ITEM01888,ORD00046,PROD0115,2,25059,23
ITEM01889,ORD00676,PROD0221,5,3624,84
ITEM01890,ORD00313,PROD0017,5,50203,44
ITEM01891,ORD00027,PROD0466,5,49645,43
ITEM01892,ORD00269,PROD0415,5,14391,96
ITEM01893,ORD00029,PROD0175,5,28647,54
ITEM01894,ORD00059,PROD0414,1,36460,49
ITEM01895,ORD00695,PROD0148,5,30576,54
ITEM01896,ORD00587,PROD0369,5,50597,66
ITEM01897,ORD00267,PROD0084,4,30827,95
ITEM01898,ORD00244,PROD0068,1,18595,87
ITEM01899,ORD00281,PROD0044,2,50750,69
ITEM01900,ORD00303,PROD0173,5,26060,4
ITEM01901,ORD00631,PROD0141,3,17812,84
ITEM01902,ORD00257,PROD0401,5,1008,15
ITEM01903,ORD00315,PROD0292,3,54988,33
ITEM01904,ORD00184,PROD0228,4,1331,56
ITEM01905,ORD00010,PROD0239,1,23709,61
ITEM01906,ORD00654,PROD0433,-3,14476,52
ITEM01907,ORD00060,PROD0297,1,18317,78
ITEM01908,ORD00565,PROD0161,1,29064,23
ITEM01909,ORD00265,PROD0393,3,17209,63
ITEM01910,ORD00131,PROD0117,2,9827,79
ITEM01911,ORD00672,PROD0026,2,7700,83
ITEM01912,ORD00040,PROD0095,5,56598,56
ITEM01913,ORD00594,PROD0163,1,36468,91
ITEM01914,ORD00234,PROD0032,3,17071,2
ITEM01915,ORD00695,PROD0433,3,35618,91
ITEM01916,ORD00046,PROD0308,2,23119,13
ITEM01917,ORD00080,PROD0260,4,7617,65
ITEM01918,ORD00080,PROD0122,2,21550,73
ITEM01919,ORD00381,PROD0425,4,4878,82
ITEM01920,ORD00437,PROD0449,3,9576,3
ITEM01921,ORD00335,PROD0311,3,22153,52
ITEM01922,ORD00668,PROD0192,4,19471,79
ITEM01923,ORD00032,PROD0083,3,3123,37
ITEM01924,ORD00154,PROD0467,5,1873,13
ITEM01925,ORD00624,PROD0109,3,33675,91
ITEM01926,ORD00521,PROD0402,5,46916,44
ITEM01927,ORD00221,PROD0194,5,2336,84
ITEM01928,ORD00154,PROD0196,1,5266,28
ITEM01929,ORD00579,PROD0258,5,41508,70
ITEM01930,ORD00429,PROD0276,1,55747,67
ITEM01931,ORD00053,PROD0311,4,43401,67
ITEM01932,ORD00533,PROD0226,3,17841,24
ITEM01933,ORD00590,PROD0151,2,21740,31
ITEM01934,ORD00371,PROD0119,4,20831,95
ITEM01935,ORD00119,PROD0355,2,29364,93
ITEM01936,ORD00420,PROD0186,1,23267,71
ITEM01937,ORD00518,PROD0040,3,43016,61
ITEM01938,ORD00620,PROD0118,4,51731,53
ITEM01939,ORD00236,PROD0292,2,35433,31
ITEM01940,ORD00418,PROD0346,5,43840,17
ITEM01941,ORD00621,PROD0134,3,22585,40
ITEM01942,ORD00121,PROD0042,4,27792,64
ITEM01943,ORD00152,PROD0295,4,41660,98
ITEM01944,ORD00203,PROD0461,2,57636,58
ITEM01945,ORD00016,PROD0086,1,27635,33
ITEM01946,ORD00568,PROD0365,4,48883,12
ITEM01947,ORD00130,PROD0446,1,54847,55
ITEM01948,ORD00025,PROD0354,2,4985,16
ITEM01949,ORD00528,PROD0444,-1,25635,54
ITEM01950,ORD00363,PROD0066,4,45873,71
ITEM01951,ORD00248,PROD0365,3,8000,43
ITEM01952,ORD00345,PROD0303,5,40611,13
ITEM01953,ORD00047,PROD0038,-3,29618,52
ITEM01954,ORD00646,PROD0231,4,19158,96
ITEM01955,ORD00489,PROD0359,2,48266,23
ITEM01956,ORD00604,PROD0470,5,5691,19
ITEM01957,ORD00008,PROD0304,5,24440,86
ITEM01958,ORD00665,PROD0233,4,21200,56
ITEM01959,ORD00181,PROD0261,5,18504,98
ITEM01960,ORD00100,PROD0119,3,32528,43
ITEM01961,ORD00050,PROD0289,5,59005,67
ITEM01962,ORD00594,PROD0261,4,18894,41
ITEM01963,ORD00394,PROD0164,2,9584,5
ITEM01964,ORD00216,PROD0221,5,18435,73
ITEM01965,ORD00631,PROD0161,1,22963,36
ITEM01966,ORD00170,PROD0061,3,18146,62
ITEM01967,ORD00450,PROD0115,2,19105,33
ITEM01968,ORD00621,PROD0386,1,15383,85
ITEM01969,ORD00286,PROD0073,1,13755,70
ITEM01970,ORD00521,PROD0387,2,1992,76
ITEM01971,ORD00041,PROD0492,5,35452,24
ITEM01972,ORD00007,PROD0251,1,24418,26
ITEM01973,ORD00289,PROD0483,5,28151,93
ITEM01974,ORD00456,PROD0267,2,54662,58
ITEM01975,ORD00303,PROD0471,1,47140,90
ITEM01976,ORD00123,PROD0228,4,32525,33
ITEM01977,ORD00089,PROD0443,2,18448,93
ITEM01978,ORD00685,PROD0060,3,52867,10
ITEM01979,ORD00228,PROD0373,1,21637,20
ITEM01980,ORD00520,PROD0172,-3,29918,80
ITEM01981,ORD00526,PROD0345,1,46521,88
ITEM01982,ORD00323,PROD0457,1,28601,12
ITEM01983,ORD00534,PROD0163,2,55344,71
ITEM01984,ORD00677,PROD0429,1,41782,80
ITEM01985,ORD00009,PROD0126,2,38626,48
ITEM01986,ORD00226,PROD0345,2,17585,60
ITEM01987,ORD00156,PROD0249,2,48274,63
ITEM01988,ORD00290,PROD0068,2,41800,11
ITEM01989,ORD00529,PROD0439,2,409,55
ITEM01990,ORD00069,PROD0252,5,40256,26
ITEM01991,ORD00183,PROD0020,4,45287,33
ITEM01992,ORD00629,PROD0195,5,15582,81
ITEM01993,ORD00358,PROD0248,5,43253,23
ITEM01994,ORD00308,PROD0431,2,57546,37
ITEM01995,ORD00685,PROD0249,4,52415,80
ITEM01996,ORD00402,PROD0307,3,35813,61
ITEM01997,ORD00303,PROD0050,2,7564,96
ITEM01998,ORD00295,PROD0215,4,21525,31
ITEM01999,ORD00679,PROD0218,1,11747,59
ITEM02000,ORD00327,PROD0339,1,22978,89
ITEM02001,ORD00408,PROD0361,2,50904,61
ITEM02002,ORD00501,PROD0308,4,45237,30
ITEM02003,ORD00030,PROD0149,3,33458,27
ITEM02004,ORD00419,PROD0032,5,50780,41
ITEM02005,ORD00268,PROD0346,3,27150,50
ITEM02006,ORD00453,PROD0218,4,17285,6
ITEM02007,ORD00275,PROD0249,2,22471,81
ITEM02008,ORD00047,PROD0158,4,27057,28
ITEM02009,ORD00587,PROD0449,2,35328,26
ITEM02010,ORD00641,PROD0057,5,40226,42
ITEM02011,ORD00133,PROD0310,5,1505,92
ITEM02012,ORD00022,PROD0411,4,6114,99
ITEM02013,ORD00342,PROD0468,3,50455,98
ITEM02014,ORD00567,PROD0033,1,34190,26
ITEM02015,ORD00371,PROD0275,2,10488,68
ITEM02016,ORD00406,PROD0441,2,19217,20
ITEM02017,ORD00383,PROD0170,4,14330,70
ITEM02018,ORD00255,PROD0482,1,2564,2
ITEM02019,ORD00540,PROD0053,5,26279,62
ITEM02020,ORD00044,PROD0081,3,19956,3
ITEM02021,ORD00236,PROD0324,2,2413,34
ITEM02022,ORD00127,PROD0417,4,43144,51
ITEM02023,ORD00135,PROD0419,3,56690,10
ITEM02024,ORD00079,PROD0038,5,47524,90
ITEM02025,ORD00426,PROD0011,1,48870,69
ITEM02026,ORD00620,PROD0471,2,6462,94
ITEM02027,ORD00603,PROD0406,4,12932,77
ITEM02028,ORD00320,PROD0402,3,28062,65
ITEM02029,ORD00024,PROD0155,3,30274,25
ITEM02030,ORD00103,PROD0136,5,31093,48
ITEM02031,ORD00299,PROD0220,1,14765,52
ITEM02032,ORD00575,PROD0143,4,18839,89
ITEM02033,ORD00547,PROD0260,2,25261,2
ITEM02034,ORD00509,PROD0373,4,24627,97
ITEM02035,ORD00560,PROD0366,1,29839,28
ITEM02036,ORD00592,PROD0500,1,26240,98
ITEM02037,ORD00238,PROD0229,-4,31447,72
ITEM02038,ORD00112,PROD0330,3,21986,18
ITEM02039,ORD00646,PROD0500,1,6451,71
ITEM02040,ORD00174,PROD0107,4,39089,31
ITEM02041,ORD00086,PROD0073,4,40602,60
ITEM02042,ORD00536,PROD0371,5,50045,29
ITEM02043,ORD00061,PROD0393,4,16716,52
ITEM02044,ORD00319,PROD0380,3,54878,19
ITEM02045,ORD00038,PROD0165,5,39438,52
ITEM02046,ORD00006,PROD0138,2,49682,71
ITEM02047,ORD00501,PROD0280,4,20713,83
ITEM02048,ORD00242,PROD0165,4,46656,61
ITEM02049,ORD00527,PROD0285,1,7084,54
ITEM02050,ORD00080,PROD0193,2,49803,1
ITEM02051,ORD00166,PROD0267,1,11091,25
ITEM02052,ORD00449,PROD0446,1,2759,54
ITEM02053,ORD00508,PROD0088,5,32128,17
ITEM02054,ORD00561,PROD0215,4,806,37
ITEM02055,ORD00121,PROD0223,3,47382,86
ITEM02056,ORD00278,PROD0268,3,40511,47
ITEM02057,ORD00578,PROD0333,2,9474,37
ITEM02058,ORD00536,PROD0351,2,52813,78
ITEM02059,ORD00381,PROD0266,5,16665,60
ITEM02060,ORD00474,PROD0108,3,49139,92
ITEM02061,ORD00139,PROD0085,5,47063,60
ITEM02062,ORD00011,PROD0163,4,11945,19
ITEM02063,ORD00482,PROD0035,1,20636,89
ITEM02064,ORD00193,PROD0103,1,35440,58
ITEM02065,ORD00339,PROD0049,1,41158,59
ITEM02066,ORD00609,PROD0081,1,23167,81
ITEM02067,ORD00573,PROD0453,2,22807,80
ITEM02068,ORD00015,PROD0476,2,18194,36
ITEM02069,ORD00437,PROD0300,3,24269,79
ITEM02070,ORD00413,PROD0479,3,36973,69
ITEM02071,ORD00657,PROD0338,2,5277,75
ITEM02072,ORD00157,PROD0053,2,18549,22
ITEM02073,ORD00270,PROD0289,1,8503,66
ITEM02074,ORD00602,PROD0331,4,21837,73
ITEM02075,ORD00607,PROD0310,3,53107,94
ITEM02076,ORD00631,PROD0343,4,13917,21
ITEM02077,ORD00003,PROD0402,2,14384,11
ITEM02078,ORD00630,PROD0076,2,11001,60
ITEM02079,ORD00001,PROD0166,-3,58917,6
ITEM02080,ORD00141,PROD0262,4,28079,85
ITEM02081,ORD00484,PROD0168,3,32992,97
ITEM02082,ORD00121,PROD0124,5,25971,48
ITEM02083,ORD00395,PROD0362,4,23464,39
ITEM02084,ORD00535,PROD0163,5,5324,77
ITEM02085,ORD00220,PROD0490,2,41734,35
ITEM02086,ORD00147,PROD0431,4,36932,56
ITEM02087,ORD00502,PROD0356,3,45116,15
ITEM02088,ORD00572,PROD0461,4,42935,44
ITEM02089,ORD00183,PROD0013,3,56257,59
ITEM02090,ORD00687,PROD0178,4,14210,78
ITEM02091,ORD00574,PROD0449,2,25264,47
ITEM02092,ORD00184,PROD0478,1,13034,56
ITEM02093,ORD00370,PROD0270,2,567,75
ITEM02094,ORD00318,PROD0169,1,59905,47
ITEM02095,ORD00260,PROD0258,1,39965,34
ITEM02096,ORD00035,PROD0332,3,42252,61
ITEM02097,ORD00408,PROD0023,3,18168,80
ITEM02098,ORD00059,PROD0498,5,54157,3
ITEM02099,ORD00483,PROD0312,4,32332,22
ITEM02100,ORD00485,PROD0384,5,53115,13
ITEM02101,ORD00040,PROD0190,1,40368,91
ITEM02102,ORD00157,PROD0362,2,57276,16
ITEM02103,ORD00085,PROD0215,1,3873,56
ITEM02104,ORD00653,PROD0364,1,20793,12
ITEM02105,ORD00558,PROD0143,2,43132,78
ITEM02106,ORD00018,PROD0171,3,59034,90
ITEM02107,ORD00174,PROD0464,5,47525,46
ITEM02108,ORD00529,PROD0008,4,27487,85
ITEM02109,ORD00686,PROD0032,1,12844,97
ITEM02110,ORD00514,PROD0076,3,5702,22
ITEM02111,ORD00455,PROD0023,3,40080,25
ITEM02112,ORD00518,PROD0210,2,41835,95
ITEM02113,ORD00004,PROD0160,3,36936,44
ITEM02114,ORD00121,PROD0175,4,37435,89
ITEM02115,ORD00089,PROD0290,4,5977,14
ITEM02116,ORD00093,PROD0094,1,12367,40
ITEM02117,ORD00606,PROD0321,1,50447,21
ITEM02118,ORD00011,PROD0112,3,30369,10
ITEM02119,ORD00253,PROD0158,2,49182,96
ITEM02120,ORD00136,PROD0159,1,25058,90
ITEM02121,ORD00294,PROD0092,3,9402,72
ITEM02122,ORD00324,PROD0212,2,54940,24
ITEM02123,ORD00280,PROD0453,2,11807,37
ITEM02124,ORD00266,PROD0358,4,17537,11
ITEM02125,ORD00502,PROD0182,-5,24029,44
ITEM02126,ORD00658,PROD0268,4,54562,80
ITEM02127,ORD00175,PROD0019,5,25475,19
ITEM02128,ORD00551,PROD0292,2,46218,55
ITEM02129,ORD00356,PROD0331,3,13795,43
ITEM02130,ORD00516,PROD0283,3,6147,65
ITEM02131,ORD00216,PROD0133,2,30850,33
ITEM02132,ORD00033,PROD0473,1,34084,84
ITEM02133,ORD00647,PROD0096,4,9362,59
ITEM02134,ORD00601,PROD0166,3,37147,48
ITEM02135,ORD00675,PROD0302,1,21326,89
ITEM02136,ORD00108,PROD0323,3,57172,1
ITEM02137,ORD00163,PROD0216,4,22135,43
ITEM02138,ORD00664,PROD0463,1,12462,45
ITEM02139,ORD00314,PROD0084,4,36033,23
ITEM02140,ORD00023,PROD0225,5,30113,75
ITEM02141,ORD00590,PROD0356,4,48103,51
ITEM02142,ORD00485,PROD0428,2,16752,92
ITEM02143,ORD00383,PROD0308,3,31824,86
ITEM02144,ORD00411,PROD0154,1,57703,29
ITEM02145,ORD00520,PROD0056,4,28111,99
ITEM02146,ORD00276,PROD0489,5,26463,75
ITEM02147,ORD00030,PROD0084,5,11104,38
ITEM02148,ORD00612,PROD0495,5,13206,72
ITEM02149,ORD00143,PROD0067,3,51879,6
ITEM02150,ORD00093,PROD0159,2,52726,44
ITEM02151,ORD00470,PROD0203,2,30385,0
ITEM02152,ORD00675,PROD0076,2,58065,22
ITEM02153,ORD00309,PROD0158,1,12297,30
ITEM02154,ORD00209,PROD0224,1,47656,31
ITEM02155,ORD00158,PROD0351,5,55621,99
ITEM02156,ORD00384,PROD0003,4,10641,44
ITEM02157,ORD00103,PROD0242,5,45209,50
ITEM02158,ORD00218,PROD0468,4,44006,48
ITEM02159,ORD00475,PROD0362,2,50207,12
ITEM02160,ORD00397,PROD0066,3,50206,17
ITEM02161,ORD00410,PROD0396,3,59052,36
ITEM02162,ORD00691,PROD0374,4,39320,50
ITEM02163,ORD00547,PROD0037,3,32201,85
ITEM02164,ORD00601,PROD0014,2,58237,77
ITEM02165,ORD00183,PROD0394,2,24391,46
ITEM02166,ORD00349,PROD0257,1,40214,76
ITEM02167,ORD00408,PROD0469,1,42508,29
ITEM02168,ORD00142,PROD0256,2,3099,27
ITEM02169,ORD00310,PROD0223,1,22455,49
ITEM02170,ORD00670,PROD0093,4,10079,36
ITEM02171,ORD00319,PROD0199,4,2482,33
ITEM02172,ORD00432,PROD0092,2,26297,87
ITEM02173,ORD00530,PROD0428,1,30669,10
ITEM02174,ORD00355,PROD0352,1,43183,51
ITEM02175,ORD00013,PROD0083,3,8637,73
ITEM02176,ORD00520,PROD0197,4,959,62
ITEM02177,ORD00670,PROD0492,4,27886,98
ITEM02178,ORD00056,PROD0156,4,17150,94
ITEM02179,ORD00650,PROD0060,5,53095,57
ITEM02180,ORD00515,PROD0191,4,46863,42
ITEM02181,ORD00548,PROD0498,3,7518,100
ITEM02182,ORD00184,PROD0218,5,49981,49
ITEM02183,ORD00691,PROD0041,2,655,43
ITEM02184,ORD00605,PROD0133,2,33944,78
ITEM02185,ORD00466,PROD0223,1,30658,36
ITEM02186,ORD00041,PROD0063,4,30362,46
ITEM02187,ORD00052,PROD0456,5,45183,47
ITEM02188,ORD00259,PROD0218,3,44436,37
ITEM02189,ORD00025,PROD0278,3,11913,37
ITEM02190,ORD00366,PROD0214,1,29479,41
ITEM02191,ORD00305,PROD0326,1,39244,14
ITEM02192,ORD00366,PROD0375,1,35017,94
ITEM02193,ORD00406,PROD0128,-1,5708,68
ITEM02194,ORD00097,PROD0065,2,41679,63
ITEM02195,ORD00442,PROD0458,3,22835,58
ITEM02196,ORD00633,PROD0125,5,37494,58
ITEM02197,ORD00042,PROD0040,3,24631,4
ITEM02198,ORD00151,PROD0312,1,25229,65
ITEM02199,ORD00081,PROD0173,3,27890,51
ITEM02200,ORD00023,PROD0095,3,47490,83
ITEM02201,ORD00082,PROD0429,4,7830,24
ITEM02202,ORD00585,PROD0134,3,40542,65
ITEM02203,ORD00553,PROD0438,2,45698,6
ITEM02204,ORD00384,PROD0294,4,14303,97
ITEM02205,ORD00448,PROD0141,-2,18343,64
ITEM02206,ORD00688,PROD0024,5,26327,23
ITEM02207,ORD00695,PROD0146,3,531,52
ITEM02208,ORD00213,PROD0010,4,43271,16
ITEM02209,ORD00282,PROD0137,4,39461,81
ITEM02210,ORD00326,PROD0050,2,14934,2
ITEM02211,ORD00333,PROD0114,1,40267,36
ITEM02212,ORD00624,PROD0424,4,38729,53
ITEM02213,ORD00651,PROD0305,3,35684,49
ITEM02214,ORD00488,PROD0477,-4,1023,43
ITEM02215,ORD00349,PROD0164,3,54111,56
ITEM02216,ORD00156,PROD0237,4,14004,68
ITEM02217,ORD00175,PROD0345,4,16957,51
ITEM02218,ORD00034,PROD0339,5,5351,80
ITEM02219,ORD00499,PROD0288,3,5645,26
ITEM02220,ORD00543,PROD0190,3,19324,96
ITEM02221,ORD00323,PROD0232,4,2137,19
ITEM02222,ORD00640,PROD0300,2,41111,45
ITEM02223,ORD00579,PROD0221,4,50331,2
ITEM02224,ORD00291,PROD0285,4,15582,48
ITEM02225,ORD00551,PROD0068,4,39988,15
ITEM02226,ORD00100,PROD0203,2,14048,14
ITEM02227,ORD00585,PROD0149,2,56881,20
ITEM02228,ORD00411,PROD0282,4,23270,96
ITEM02229,ORD00223,PROD0215,5,18476,40
ITEM02230,ORD00372,PROD0323,1,43731,87
ITEM02231,ORD00649,PROD0391,3,33119,68
ITEM02232,ORD00546,PROD0201,2,56499,51
ITEM02233,ORD00507,PROD0388,4,18961,57
ITEM02234,ORD00161,PROD0474,2,26417,36
ITEM02235,ORD00004,PROD0273,3,50199,59
ITEM02236,ORD00672,PROD0089,1,25323,74
ITEM02237,ORD00669,PROD0215,4,27089,24
ITEM02238,ORD00652,PROD0015,5,14892,17
ITEM02239,ORD00625,PROD0318,5,5476,76
ITEM02240,ORD00585,PROD0375,4,1696,41
ITEM02241,ORD00625,PROD0128,2,37510,80
ITEM02242,ORD00484,PROD0351,1,24467,2
ITEM02243,ORD00616,PROD0453,4,36379,65
ITEM02244,ORD00198,PROD0436,2,30200,47
ITEM02245,ORD00246,PROD0090,4,46913,25
ITEM02246,ORD00331,PROD0068,3,4447,3
ITEM02247,ORD00212,PROD0296,4,30293,31
ITEM02248,ORD00618,PROD0228,2,52416,22
ITEM02249,ORD00473,PROD0257,1,52870,77
ITEM02250,ORD00340,PROD0447,2,16247,59
ITEM02251,ORD00072,PROD0004,1,44897,86
ITEM02252,ORD00417,PROD0444,5,31015,49
ITEM02253,ORD00073,PROD0401,4,17241,91
ITEM02254,ORD00551,PROD0062,5,42607,68
ITEM02255,ORD00025,PROD0225,4,54447,92
ITEM02256,ORD00062,PROD0150,4,54483,92
ITEM02257,ORD00041,PROD0187,4,47164,65
ITEM02258,ORD00645,PROD0333,-2,28287,100
ITEM02259,ORD00128,PROD0054,2,55713,33
ITEM02260,ORD00594,PROD0386,1,47516,21
ITEM02261,ORD00376,PROD0212,3,9502,31
ITEM02262,ORD00495,PROD0108,3,6565,42
ITEM02263,ORD00658,PROD0356,1,30231,90
ITEM02264,ORD00504,PROD0386,2,49809,33
ITEM02265,ORD00351,PROD0152,4,21870,100
ITEM02266,ORD00462,PROD0359,3,37439,35
ITEM02267,ORD00609,PROD0019,2,9900,66
ITEM02268,ORD00296,PROD0014,2,57882,47
ITEM02269,ORD00578,PROD0186,3,20297,91
ITEM02270,ORD00163,PROD0291,-4,31348,91
ITEM02271,ORD00451,PROD0345,3,10321,95
ITEM02272,ORD00132,PROD0076,5,19358,49
ITEM02273,ORD00264,PROD0327,2,2035,27
ITEM02274,ORD00598,PROD0156,2,38488,1
ITEM02275,ORD00266,PROD0187,5,49054,66
ITEM02276,ORD00416,PROD0245,5,59182,21
ITEM02277,ORD00353,PROD0330,2,38678,64
ITEM02278,ORD00322,PROD0268,3,24971,62
ITEM02279,ORD00664,PROD0087,-3,31791,22
ITEM02280,ORD00496,PROD0460,4,1132,85
ITEM02281,ORD00067,PROD0176,2,20470,26
ITEM02282,ORD00230,PROD0077,3,40087,99
ITEM02283,ORD00123,PROD0333,2,23563,63
ITEM02284,ORD00471,PROD0292,1,55248,95
ITEM02285,ORD00537,PROD0460,2,48786,25
ITEM02286,ORD00373,PROD0341,1,26315,80
ITEM02287,ORD00102,PROD0488,3,33454,8
ITEM02288,ORD00278,PROD0284,5,55683,94
ITEM02289,ORD00551,PROD0447,1,52492,7
ITEM02290,ORD00458,PROD0291,-2,16451,31
ITEM02291,ORD00263,PROD0409,2,45400,83
ITEM02292,ORD00251,PROD0117,4,11828,5
ITEM02293,ORD00624,PROD0137,5,18384,11
ITEM02294,ORD00195,PROD0376,-4,59584,16
ITEM02295,ORD00536,PROD0156,1,13813,29
ITEM02296,ORD00250,PROD0300,5,31479,59
ITEM02297,ORD00101,PROD0275,1,21096,81
ITEM02298,ORD00075,PROD0101,4,7828,56
ITEM02299,ORD00086,PROD0244,2,6745,69
ITEM02300,ORD00604,PROD0111,5,32131,38
ITEM02301,ORD00583,PROD0005,5,28364,14
ITEM02302,ORD00454,PROD0399,2,38796,81
ITEM02303,ORD00630,PROD0387,4,232,32
ITEM02304,ORD00417,PROD0308,3,32483,80
ITEM02305,ORD00181,PROD0169,5,31872,65
ITEM02306,ORD00291,PROD0488,3,17514,68
ITEM02307,ORD00255,PROD0175,3,44623,71
ITEM02308,ORD00516,PROD0159,4,7505,96
ITEM02309,ORD00187,PROD0250,1,21119,65
ITEM02310,ORD00482,PROD0254,2,11917,8
ITEM02311,ORD00443,PROD0345,3,6397,56
ITEM02312,ORD00351,PROD0327,5,54107,23
ITEM02313,ORD00199,PROD0399,1,50194,29
ITEM02314,ORD00219,PROD0158,5,20213,40
ITEM02315,ORD00544,PROD0242,1,45075,38
ITEM02316,ORD00625,PROD0108,5,44232,19
ITEM02317,ORD00332,PROD0081,2,50426,50
ITEM02318,ORD00176,PROD0437,2,40185,84
ITEM02319,ORD00161,PROD0167,5,31249,83
ITEM02320,ORD00610,PROD0404,4,51302,92
ITEM02321,ORD00276,PROD0118,3,31131,38
ITEM02322,ORD00380,PROD0075,3,22070,93
ITEM02323,ORD00363,PROD0425,3,29672,39
ITEM02324,ORD00436,PROD0289,4,50183,53
ITEM02325,ORD00006,PROD0391,4,3824,52
ITEM02326,ORD00363,PROD0331,2,30142,98
ITEM02327,ORD00281,PROD0010,-5,13871,84
ITEM02328,ORD00263,PROD0151,3,1751,41
ITEM02329,ORD00438,PROD0405,4,21544,71
ITEM02330,ORD00574,PROD0379,2,52463,27
ITEM02331,ORD00633,PROD0258,4,56325,35
ITEM02332,ORD00110,PROD0039,2,10713,41
ITEM02333,ORD00492,PROD0483,5,30993,5
ITEM02334,ORD00676,PROD0200,-5,16573,35
ITEM02335,ORD00622,PROD0301,4,4087,12
ITEM02336,ORD00058,PROD0328,3,18290,68
ITEM02337,ORD00379,PROD0225,3,7476,60
ITEM02338,ORD00138,PROD0451,1,21469,99
ITEM02339,ORD00424,PROD0423,2,57475,19
ITEM02340,ORD00604,PROD0154,5,13306,71
ITEM02341,ORD00091,PROD0225,2,21685,73
ITEM02342,ORD00560,PROD0391,3,36682,67
ITEM02343,ORD00299,PROD0354,1,9405,98
ITEM02344,ORD00070,PROD0446,3,56130,46
ITEM02345,ORD00457,PROD0383,2,12267,41
ITEM02346,ORD00480,PROD0117,4,23937,42
ITEM02347,ORD00204,PROD0347,3,16935,77
ITEM02348,ORD00024,PROD0072,1,42289,52
ITEM02349,ORD00438,PROD0203,4,52504,6
ITEM02350,ORD00542,PROD0031,5,24676,2
ITEM02351,ORD00580,PROD0224,1,33244,41
ITEM02352,ORD00552,PROD0252,3,37871,42
ITEM02353,ORD00650,PROD0035,-1,37247,11
ITEM02354,ORD00572,PROD0400,1,35049,20
ITEM02355,ORD00526,PROD0434,1,37812,59
ITEM02356,ORD00625,PROD0333,2,49477,9
ITEM02357,ORD00442,PROD0419,3,30721,57
ITEM02358,ORD00156,PROD0334,-1,4985,23
ITEM02359,ORD00664,PROD0295,3,29956,67
ITEM02360,ORD00443,PROD0456,1,26510,73
ITEM02361,ORD00301,PROD0004,5,54478,49
ITEM02362,ORD00020,PROD0005,2,21327,54
ITEM02363,ORD00155,PROD0133,2,38497,86
ITEM02364,ORD00335,PROD0273,4,43035,85
ITEM02365,ORD00206,PROD0395,5,23442,91
ITEM02366,ORD00591,PROD0079,2,50858,18
ITEM02367,ORD00212,PROD0158,2,6812,3
ITEM02368,ORD00547,PROD0309,1,51282,16
ITEM02369,ORD00554,PROD0179,1,21660,40
ITEM02370,ORD00236,PROD0337,2,13418,38
ITEM02371,ORD00168,PROD0218,3,15468,27
ITEM02372,ORD00364,PROD0014,-1,57716,56
ITEM02373,ORD00127,PROD0428,4,1866,56
ITEM02374,ORD00214,PROD0195,1,29482,56
ITEM02375,ORD00409,PROD0102,2,50727,48
ITEM02376,ORD00605,PROD0418,1,6285,22
ITEM02377,ORD00519,PROD0468,5,47682,66
ITEM02378,ORD00125,PROD0084,2,8087,62
ITEM02379,ORD00620,PROD0184,3,27405,24
ITEM02380,ORD00216,PROD0047,-5,23783,61
ITEM02381,ORD00262,PROD0261,1,30146,2
ITEM02382,ORD00008,PROD0195,4,26434,12
ITEM02383,ORD00364,PROD0185,3,55023,8
ITEM02384,ORD00445,PROD0485,3,15231,89
ITEM02385,ORD00087,PROD0334,4,57605,60
ITEM02386,ORD00017,PROD0488,3,48016,82
ITEM02387,ORD00332,PROD0024,2,55736,31
ITEM02388,ORD00182,PROD0290,1,8585,66
ITEM02389,ORD00160,PROD0072,4,50157,4
ITEM02390,ORD00063,PROD0306,2,56976,94
ITEM02391,ORD00677,PROD0151,3,40672,53
ITEM02392,ORD00162,PROD0215,2,11645,66
ITEM02393,ORD00156,PROD0380,2,24125,14
ITEM02394,ORD00167,PROD0016,4,13574,39
ITEM02395,ORD00414,PROD0321,3,59770,33
ITEM02396,ORD00637,PROD0165,1,51532,3
ITEM02397,ORD00340,PROD0015,4,2442,94
ITEM02398,ORD00148,PROD0468,4,3247,69
ITEM02399,ORD00387,PROD0391,5,47551,67
ITEM02400,ORD00174,PROD0081,1,1179,44
ITEM02401,ORD00229,PROD0048,4,4546,14
ITEM02402,ORD00488,PROD0238,4,56308,68
ITEM02403,ORD00451,PROD0069,5,53246,81
ITEM02404,ORD00001,PROD0160,4,30968,32
ITEM02405,ORD00132,PROD0166,5,24158,78
ITEM02406,ORD00685,PROD0367,1,31512,63
ITEM02407,ORD00585,PROD0101,2,14572,65
ITEM02408,ORD00133,PROD0413,2,14981,84
ITEM02409,ORD00085,PROD0381,1,47206,51
ITEM02410,ORD00290,PROD0455,5,7096,31
ITEM02411,ORD00232,PROD0129,2,48043,84
ITEM02412,ORD00309,PROD0169,4,44001,75
ITEM02413,ORD00533,PROD0265,5,58106,34
ITEM02414,ORD00135,PROD0168,4,24760,84
ITEM02415,ORD00149,PROD0297,1,49216,49
ITEM02416,ORD00648,PROD0025,2,12138,1
ITEM02417,ORD00147,PROD0325,1,54947,30
ITEM02418,ORD00166,PROD0204,3,967,73
ITEM02419,ORD00493,PROD0248,3,12504,80
ITEM02420,ORD00592,PROD0208,4,14279,58
ITEM02421,ORD00637,PROD0135,-3,29026,15
ITEM02422,ORD00287,PROD0336,5,22308,43
ITEM02423,ORD00191,PROD0131,3,53086,62
ITEM02424,ORD00563,PROD0234,1,43978,43
ITEM02425,ORD00532,PROD0135,1,51446,46
ITEM02426,ORD00437,PROD0329,1,35806,16
ITEM02427,ORD00097,PROD0117,4,54599,14
ITEM02428,ORD00124,PROD0282,3,8477,44
ITEM02429,ORD00315,PROD0232,4,36460,10
ITEM02430,ORD00517,PROD0094,4,53941,65
ITEM02431,ORD00200,PROD0073,2,51050,2
ITEM02432,ORD00204,PROD0376,3,34644,76
ITEM02433,ORD00156,PROD0289,5,34609,6
ITEM02434,ORD00546,PROD0186,5,15301,88
ITEM02435,ORD00544,PROD0086,3,10603,12
ITEM02436,ORD00697,PROD0085,5,15028,96
ITEM02437,ORD00156,PROD0277,5,27988,25
ITEM02438,ORD00286,PROD0026,4,19631,49
ITEM02439,ORD00535,PROD0498,4,58772,60
ITEM02440,ORD00480,PROD0165,2,47487,38
ITEM02441,ORD00001,PROD0039,3,46621,71
ITEM02442,ORD00685,PROD0160,2,48268,78
ITEM02443,ORD00609,PROD0492,1,4081,96
ITEM02444,ORD00421,PROD0072,2,31718,20
ITEM02445,ORD00249,PROD0201,2,42541,53
ITEM02446,ORD00401,PROD0303,2,16490,44
ITEM02447,ORD00073,PROD0116,3,9403,51
ITEM02448,ORD00127,PROD0372,5,44260,19
ITEM02449,ORD00211,PROD0228,-1,44255,35
ITEM02450,ORD00336,PROD0006,1,34319,39
ITEM02451,ORD00537,PROD0053,5,31074,29
ITEM02452,ORD00677,PROD0225,3,54086,15
ITEM02453,ORD00555,PROD0381,5,29977,19
ITEM02454,ORD00073,PROD0451,3,57559,34
ITEM02455,ORD00042,PROD0196,3,7594,80
ITEM02456,ORD00478,PROD0219,5,11239,90
ITEM02457,ORD00499,PROD0389,3,14921,66
ITEM02458,ORD00106,PROD0046,5,39459,46
ITEM02459,ORD00248,PROD0446,4,55034,89
ITEM02460,ORD00443,PROD0216,1,42015,13
ITEM02461,ORD00287,PROD0432,3,59492,32
ITEM02462,ORD00656,PROD0261,3,27701,85
ITEM02463,ORD00258,PROD0183,1,1047,12
ITEM02464,ORD00498,PROD0125,5,32638,28
ITEM02465,ORD00606,PROD0223,3,7013,99
ITEM02466,ORD00500,PROD0288,5,55080,72
ITEM02467,ORD00385,PROD0311,5,57242,85
ITEM02468,ORD00392,PROD0022,5,7264,75
ITEM02469,ORD00659,PROD0489,1,37924,12
ITEM02470,ORD00121,PROD0495,2,23838,74
ITEM02471,ORD00689,PROD0364,5,27845,50
ITEM02472,ORD00041,PROD0178,4,56051,58
ITEM02473,ORD00588,PROD0443,5,2642,51
ITEM02474,ORD00644,PROD0382,4,44048,3
ITEM02475,ORD00222,PROD0291,-4,1782,80
ITEM02476,ORD00337,PROD0051,3,27210,3
ITEM02477,ORD00468,PROD0435,3,23700,87
ITEM02478,ORD00353,PROD0181,2,18329,57
ITEM02479,ORD00049,PROD0167,4,46016,81
ITEM02480,ORD00270,PROD0394,2,13921,71
ITEM02481,ORD00561,PROD0332,3,48742,51
ITEM02482,ORD00357,PROD0400,2,55559,63
ITEM02483,ORD00092,PROD0171,3,40596,68
ITEM02484,ORD00234,PROD0163,3,6838,92
ITEM02485,ORD00093,PROD0328,4,20707,79
ITEM02486,ORD00510,PROD0328,2,49782,48
ITEM02487,ORD00208,PROD0136,4,23176,43
ITEM02488,ORD00449,PROD0459,3,49664,20
ITEM02489,ORD00173,PROD0166,1,7505,24
ITEM02490,ORD00596,PROD0159,5,46090,82
ITEM02491,ORD00574,PROD0152,5,35475,22
ITEM02492,ORD00408,PROD0317,1,13216,11
ITEM02493,ORD00093,PROD0365,5,57670,84
ITEM02494,ORD00415,PROD0437,3,9752,91
ITEM02495,ORD00349,PROD0273,3,26201,17
ITEM02496,ORD00395,PROD0054,3,40401,72
ITEM02497,ORD00085,PROD0166,2,29202,5
ITEM02498,ORD00252,PROD0281,2,43946,35
ITEM02499,ORD00027,PROD0254,2,54807,88
ITEM02500,ORD00225,PROD0126,2,29059,82
