order_id,customer_id,order_date,status,region_code
ORD00001,CUST0055,2025-01-19 13:13:20.248216,SHIPPED,EAST
ORD00002,CUST0004,2025-05-06 05:17:58.825047,CANCELLED,EAST
ORD00003,CUST0431,2024-09-28 14:06:12.044264,RETURNED,WEST
ORD00004,CUST0412,2024-09-03 16:38:48.924030,DELIVERED,WEST
ORD00005,CUST0172,2025-02-12 18:17:33.284518,CANCELLED,SOUTH
ORD00006,CUST0154,2026-06-04 14:13:53.045057,DELIVERED,SOUTH
ORD00007,UNKNOWN,2026-02-19 08:24:31.744208,DELIVERED,SOUTH
ORD00008,CUST0494,2026-06-11 16:10:47.747189,CANCELLED,EAST
ORD00009,CUST0150,2026-04-13 19:12:15.212897,CANCELLED,SOUTH
ORD00010,CUST0167,2026-02-26 19:19:11.481256,CANCELLED,EAST
ORD00011,CUST0419,2025-09-05 18:22:27.720968,CANCELLED,EAST
ORD00012,CUST0059,2025-12-01 21:50:57.611597,RETURNED,SOUTH
ORD00013,CUST0304,2026-06-18 12:01:52.949547,RETURNED,SOUTH
ORD00014,CUST0350,2025-08-28 04:48:44.907521,RETURNED,NORTH
ORD00015,CUST0488,2026-01-26 06:18:21.859525,CANCELLED,SOUTH
ORD00016,CUST0225,2026-01-17 03:16:07.966541,DELIVERED,NORTH
ORD00017,CUST0420,2026-06-14 23:35:12.374639,CANCELLED,WEST
ORD00018,CUST0072,2025-06-12 23:55:16.497023,DELIVERED,SOUTH
ORD00019,CUST0130,2025-06-14 08:44:25.682198,SHIPPED,WEST
ORD00020,CUST0405,2025-09-14 11:34:17.959003,CANCELLED,NORTH
ORD00021,CUST0230,2024-08-01 19:06:36.482871,RETURNED,WEST
ORD00022,CUST0299,2024-10-05 17:58:15.187479,CANCELLED,WEST
ORD00023,CUST0279,2024-08-31 03:56:22.938725,PLACED,EAST
ORD00024,CUST0360,2025-10-18 16:39:55.117658,RETURNED,NORTH
ORD00025,CUST0056,2026-07-09 01:24:48.741267,SHIPPED,EAST
ORD00026,CUST0086,2025-11-19 06:55:27.161321,RETURNED,NORTH
ORD00027,CUST0289,2024-12-27 18:38:08.363803,CANCELLED,EAST
ORD00028,CUST0495,2025-02-28 10:50:59.317135,CANCELLED,NORTH
ORD00029,CUST0006,2026-06-10 18:01:33.621781,PLACED,EAST
ORD00030,CUST0114,2025-07-25 02:42:53.450439,RETURNED,SOUTH
ORD00031,CUST0229,2024-07-19 22:04:23.388019,DELIVERED,WEST
ORD00032,CUST0238,2026-03-12 16:56:21.623805,RETURNED,SOUTH
ORD00033,CUST0177,2025-01-10 03:56:38.677260,PLACED,WEST
ORD00034,CUST0054,2024-09-18 18:12:27.066271,DELIVERED,WEST
ORD00035,CUST0472,2025-11-16 22:33:33.607267,PLACED,NORTH
ORD00036,CUST0426,2026-03-04 14:17:53.425195,SHIPPED,EAST
ORD00037,CUST0160,2024-09-06 08:30:41.835946,DELIVERED,WEST
ORD00038,CUST0402,2026-05-24 04:24:09.503773,SHIPPED,WEST
ORD00039,CUST0179,2025-06-25 22:21:08.308112,CANCELLED,NORTH
ORD00040,CUST0225,2025-03-28 01:40:05.007182,CANCELLED,EAST
ORD00041,UNKNOWN,2026-04-27 02:20:02.784669,DELIVERED,NORTH
ORD00042,CUST0415,2025-01-25 08:55:05.862723,PLACED,NORTH
ORD00043,CUST0435,2026-06-04 16:01:51.257071,DELIVERED,NORTH
ORD00044,CUST0347,2025-11-23 19:31:12.989510,SHIPPED,SOUTH
ORD00045,CUST0265,2026-05-08 12:01:20.204863,SHIPPED,SOUTH
ORD00046,CUST0170,2025-07-12 07:49:39.896062,RETURNED,WEST
ORD00047,CUST0491,2024-12-05 16:04:07.524466,CANCELLED,SOUTH
ORD00048,UNKNOWN,2026-01-01 00:48:00.717190,CANCELLED,SOUTH
ORD00049,CUST0096,2026-04-11 08:06:48.236502,CANCELLED,WEST
ORD00050,CUST0015,2024-12-10 20:45:16.421253,RETURNED,SOUTH
ORD00051,CUST0231,2024-12-07 22:25:00.530620,RETURNED,WEST
ORD00052,CUST0200,2025-01-11 05:09:04.778939,PLACED,SOUTH
ORD00053,CUST0106,2025-10-07 16:33:17.075798,DELIVERED,NORTH
ORD00054,CUST0296,2024-11-03 18:27:00.943144,PLACED,SOUTH
ORD00055,CUST0188,2024-09-28 18:02:10.523767,DELIVERED,SOUTH
ORD00056,CUST0235,2026-05-15 23:54:26.748013,PLACED,EAST
ORD00057,CUST0344,2025-11-18 11:37:28.620655,CANCELLED,EAST
ORD00058,CUST0306,2025-11-09 10:26:35.991204,CANCELLED,WEST
ORD00059,CUST0301,2025-10-04 04:55:50.616911,PLACED,EAST
ORD00060,CUST0181,2026-01-22 01:58:24.715334,CANCELLED,SOUTH
ORD00061,CUST0417,2025-08-12 08:28:20.272567,DELIVERED,NORTH
ORD00062,CUST0345,2024-08-12 16:32:51.665569,SHIPPED,EAST
ORD00063,CUST0061,2025-06-30 02:55:26.762704,SHIPPED,EAST
ORD00064,CUST0060,2025-10-09 04:51:18.294106,SHIPPED,EAST
ORD00065,CUST0356,2025-07-07 11:05:09.642704,SHIPPED,WEST
ORD00066,CUST0215,2026-07-02 14:29:33.668201,RETURNED,SOUTH
ORD00067,CUST0295,2026-04-29 01:22:49.069441,CANCELLED,WEST
ORD00068,CUST0096,2026-04-08 10:26:56.581663,CANCELLED,SOUTH
ORD00069,CUST0285,2025-07-06 08:10:28.816070,SHIPPED,WEST
ORD00070,CUST0148,2026-07-01 21:32:45.242119,SHIPPED,SOUTH
ORD00071,CUST0162,2026-05-12 22:36:10.396348,CANCELLED,NORTH
ORD00072,CUST0444,2025-02-02 13:06:38.674807,DELIVERED,NORTH
ORD00073,CUST0249,2024-12-22 01:14:05.646310,SHIPPED,SOUTH
ORD00074,CUST0418,2025-09-07 01:25:41.091912,CANCELLED,WEST
ORD00075,CUST0210,2024-08-21 08:54:38.092486,CANCELLED,WEST
ORD00076,CUST0364,2026-02-16 16:01:38.576249,CANCELLED,WEST
ORD00077,CUST0086,2025-06-27 05:17:19.762292,PLACED,NORTH
ORD00078,CUST0408,2025-08-11 20:05:41.592607,SHIPPED,EAST
ORD00079,CUST0017,2025-07-14 00:00:00.000000,DELIVERED,SOUTH
ORD00080,UNKNOWN,2025-04-26 10:04:00.986371,DELIVERED,SOUTH
ORD00081,CUST0400,2025-11-26 04:10:13.950314,CANCELLED,WEST
ORD00082,CUST0282,2024-11-17 12:07:36.760190,RETURNED,NORTH
ORD00083,CUST0294,2026-06-26 03:15:58.524392,PLACED,EAST
ORD00084,CUST0397,2025-12-04 20:53:57.997688,RETURNED,EAST
ORD00085,CUST0278,2025-06-13 21:20:51.302919,PLACED,WEST
ORD00086,CUST0280,2025-11-28 06:31:09.690181,SHIPPED,WEST
ORD00087,CUST0053,2024-07-21 10:49:58.889071,SHIPPED,EAST
ORD00088,CUST0448,2024-12-13 18:25:13.793901,PLACED,WEST
ORD00089,CUST0135,2025-09-10 05:34:04.960329,DELIVERED,NORTH
ORD00090,CUST0225,2025-03-07 13:00:07.491149,PLACED,SOUTH
ORD00091,CUST0108,2025-10-03 10:32:32.226942,RETURNED,EAST
ORD00092,CUST0441,2025-01-18 12:33:36.218359,RETURNED,WEST
ORD00093,CUST0085,2025-08-17 12:45:39.810057,RETURNED,SOUTH
ORD00094,CUST0402,2025-01-02 01:01:14.261889,SHIPPED,SOUTH
ORD00095,CUST0413,2025-06-22 03:00:41.479750,PLACED,EAST
ORD00096,CUST0273,2025-10-03 15:54:21.590265,DELIVERED,SOUTH
ORD00097,CUST0166,2025-04-06 02:49:02.665957,DELIVERED,EAST
ORD00098,CUST0294,2025-07-12 03:48:26.477767,DELIVERED,NORTH
ORD00099,CUST0070,2024-12-13 14:33:54.914781,CANCELLED,NORTH
ORD00100,CUST0142,2025-12-06 16:10:05.752617,SHIPPED,SOUTH
ORD00101,CUST0128,2025-04-10 18:45:52.273829,SHIPPED,EAST
ORD00102,CUST0425,2026-03-28 21:14:44.585943,SHIPPED,WEST
ORD00103,CUST0251,2025-02-02 01:56:29.630725,SHIPPED,EAST
ORD00104,CUST0322,2024-11-21 05:20:32.800363,CANCELLED,WEST
ORD00105,CUST0232,2024-10-16 14:40:47.112921,PLACED,NORTH
ORD00106,UNKNOWN,2025-09-06 11:53:08.639870,RETURNED,EAST
ORD00107,CUST0356,2024-12-26 18:44:00.144678,DELIVERED,WEST
ORD00108,CUST0487,2024-09-23 18:28:45.096536,CANCELLED,EAST
ORD00109,CUST0298,2025-01-26 00:13:44.399918,PLACED,NORTH
ORD00110,CUST0375,2025-01-01 01:38:02.176365,CANCELLED,EAST
ORD00111,CUST0436,2025-05-24 13:03:45.085239,PLACED,WEST
ORD00112,CUST0112,2025-04-17 01:04:31.679731,CANCELLED,SOUTH
ORD00113,CUST0254,2024-10-27 08:28:23.506601,DELIVERED,EAST
ORD00114,CUST0425,2026-06-13 10:55:54.439903,DELIVERED,EAST
ORD00115,CUST0281,2024-10-30 01:24:56.124879,RETURNED,SOUTH
ORD00116,CUST0290,2026-02-21 08:12:06.578451,CANCELLED,EAST
ORD00117,CUST0458,2024-11-18 00:00:00.000000,PLACED,NORTH
ORD00118,CUST0051,2025-07-12 18:19:12.409571,CANCELLED,NORTH
ORD00119,CUST0064,2026-07-10 01:19:18.914074,SHIPPED,WEST
ORD00120,CUST0234,2026-03-25 06:42:25.642469,PLACED,WEST
ORD00121,CUST0104,2025-07-25 11:31:44.235450,SHIPPED,EAST
ORD00122,CUST0082,2025-12-21 00:00:00.000000,DELIVERED,NORTH
ORD00123,CUST0336,2026-02-06 11:41:27.310707,DELIVERED,EAST
ORD00124,CUST0043,2025-02-16 23:39:57.954385,DELIVERED,SOUTH
ORD00125,CUST0027,2025-08-27 10:45:08.454951,CANCELLED,EAST
ORD00126,CUST0372,2025-08-31 14:36:47.028498,SHIPPED,WEST
ORD00127,CUST0336,2025-04-29 20:12:06.277998,PLACED,NORTH
ORD00128,CUST0001,2025-11-29 05:52:56.400783,SHIPPED,WEST
ORD00129,CUST0040,2024-08-25 16:08:23.244466,SHIPPED,SOUTH
ORD00130,CUST0266,2026-02-27 07:04:42.923980,CANCELLED,NORTH
ORD00131,CUST0005,2025-06-25 22:04:16.615745,DELIVERED,NORTH
ORD00132,CUST0441,2025-10-15 22:03:10.103777,CANCELLED,SOUTH
ORD00133,CUST0245,2025-06-06 10:14:58.527048,PLACED,SOUTH
ORD00134,CUST0197,2025-03-14 06:38:55.073156,PLACED,NORTH
ORD00135,CUST0053,2025-04-02 11:49:25.408926,DELIVERED,EAST
ORD00136,CUST0452,2025-08-26 03:23:55.232449,DELIVERED,SOUTH
ORD00137,CUST0196,2026-05-24 12:15:45.541702,SHIPPED,SOUTH
ORD00138,CUST0036,2025-01-17 01:44:36.420176,RETURNED,NORTH
ORD00139,CUST0313,2024-07-27 07:21:15.772643,SHIPPED,WEST
ORD00140,CUST0180,2024-10-09 09:05:17.881029,SHIPPED,SOUTH
ORD00141,CUST0471,2026-04-07 09:54:01.838331,CANCELLED,WEST
ORD00142,CUST0441,2026-06-16 08:30:29.100229,SHIPPED,NORTH
ORD00143,UNKNOWN,2024-12-05 03:38:56.144853,PLACED,SOUTH
ORD00144,CUST0386,2025-09-06 11:54:57.716699,PLACED,WEST
ORD00145,CUST0180,2025-10-29 23:51:47.157047,CANCELLED,EAST
ORD00146,CUST0406,2024-11-17 07:32:30.921724,SHIPPED,SOUTH
ORD00147,CUST0142,2026-02-02 19:36:55.414232,PLACED,SOUTH
ORD00148,CUST0284,2025-03-29 05:12:43.351430,RETURNED,EAST
ORD00149,CUST0399,2025-11-16 13:42:16.467240,PLACED,EAST
ORD00150,CUST0106,2025-07-03 22:07:01.781328,RETURNED,SOUTH
ORD00151,CUST0383,2026-01-01 20:02:02.476984,CANCELLED,EAST
ORD00152,CUST0331,2026-04-23 16:13:11.668977,PLACED,SOUTH
ORD00153,CUST0254,2025-04-17 04:21:52.788341,CANCELLED,NORTH
ORD00154,CUST0124,2025-07-02 00:00:00.000000,CANCELLED,NORTH
ORD00155,CUST0271,2025-10-17 06:29:08.646137,PLACED,EAST
ORD00156,CUST0479,2024-10-26 15:01:20.542159,DELIVERED,SOUTH
ORD00157,CUST0199,2024-11-12 05:27:52.866436,RETURNED,WEST
ORD00158,CUST0188,2026-02-22 20:07:12.349054,RETURNED,SOUTH
ORD00159,CUST0391,2025-03-16 06:32:26.656245,CANCELLED,NORTH
ORD00160,CUST0009,2025-10-16 22:47:35.580717,RETURNED,NORTH
ORD00161,CUST0008,2025-09-03 09:17:11.012832,DELIVERED,SOUTH
ORD00162,CUST0021,2026-03-24 00:00:00.000000,PLACED,WEST
ORD00163,CUST0260,2024-09-02 22:22:51.480362,DELIVERED,WEST
ORD00164,CUST0217,2024-11-08 03:42:29.209670,CANCELLED,NORTH
ORD00165,CUST0328,2024-12-26 12:37:05.527454,RETURNED,SOUTH
ORD00166,CUST0143,2025-03-01 06:58:05.034662,PLACED,EAST
ORD00167,CUST0041,2025-02-10 15:31:50.014113,RETURNED,SOUTH
ORD00168,CUST0499,2025-01-24 04:48:30.251987,SHIPPED,EAST
ORD00169,CUST0201,2025-10-26 17:12:18.546010,RETURNED,NORTH
ORD00170,CUST0159,2025-01-26 00:00:00.000000,CANCELLED,SOUTH
ORD00171,CUST0030,2025-06-02 19:21:20.931665,SHIPPED,NORTH
ORD00172,CUST0474,2026-04-04 01:55:11.847074,CANCELLED,NORTH
ORD00173,CUST0233,2025-04-04 02:26:32.976530,RETURNED,NORTH
ORD00174,CUST0159,2025-09-14 13:12:23.692680,SHIPPED,NORTH
ORD00175,CUST0007,2026-06-18 02:44:59.237813,SHIPPED,NORTH
ORD00176,CUST0084,2025-05-11 05:28:06.001757,CANCELLED,EAST
ORD00177,CUST0268,2024-11-24 03:24:55.478298,RETURNED,EAST
ORD00178,CUST0086,2024-07-29 16:36:29.143087,DELIVERED,SOUTH
ORD00179,UNKNOWN,2025-12-26 10:34:03.026879,DELIVERED,NORTH
ORD00180,CUST0395,2025-11-08 09:52:20.534489,PLACED,EAST
ORD00181,CUST0414,2026-05-30 18:54:24.557836,CANCELLED,EAST
ORD00182,CUST0269,2025-12-06 15:53:34.972617,PLACED,EAST
ORD00183,CUST0365,2024-09-09 07:16:02.592096,RETURNED,NORTH
ORD00184,CUST0255,2024-11-11 17:48:17.961787,CANCELLED,EAST
ORD00185,CUST0029,2024-09-26 01:31:14.458468,CANCELLED,SOUTH
ORD00186,CUST0189,2024-08-28 09:59:18.825409,SHIPPED,EAST
ORD00187,CUST0396,2026-04-15 16:23:57.338813,PLACED,NORTH
ORD00188,CUST0117,2025-08-17 10:29:16.734331,RETURNED,NORTH
ORD00189,CUST0023,2024-08-01 01:49:40.221523,PLACED,SOUTH
ORD00190,CUST0024,2025-04-28 19:50:37.612646,CANCELLED,EAST
ORD00191,CUST0197,2026-01-22 15:09:36.112755,SHIPPED,SOUTH
ORD00192,CUST0477,2024-11-09 00:00:00.000000,PLACED,WEST
ORD00193,CUST0115,2025-01-20 12:47:52.632025,DELIVERED,SOUTH
ORD00194,CUST0214,2024-11-03 05:48:23.098415,DELIVERED,EAST
ORD00195,CUST0423,2025-11-03 03:49:22.732590,PLACED,EAST
ORD00196,CUST0062,2026-04-20 15:16:08.178367,RETURNED,NORTH
ORD00197,CUST0092,2025-02-23 19:20:55.080450,SHIPPED,NORTH
ORD00198,CUST0489,2025-01-09 12:50:52.294697,CANCELLED,NORTH
ORD00199,CUST0450,2025-02-05 09:38:07.581038,CANCELLED,EAST
ORD00200,CUST0397,2025-10-13 10:46:10.147696,DELIVERED,EAST
ORD00201,CUST0045,2024-10-16 17:05:53.245790,RETURNED,WEST
ORD00202,CUST0005,2026-03-17 08:06:07.359658,DELIVERED,SOUTH
ORD00203,CUST0150,2024-08-02 16:30:32.502016,RETURNED,EAST
ORD00204,CUST0379,2025-11-09 12:38:08.771621,RETURNED,SOUTH
ORD00205,CUST0238,2026-04-02 07:11:02.267493,DELIVERED,WEST
ORD00206,CUST0396,2025-03-07 08:53:03.193162,SHIPPED,SOUTH
ORD00207,CUST0078,2025-06-25 15:19:37.892020,PLACED,WEST
ORD00208,CUST0013,2026-06-25 00:31:09.468650,SHIPPED,EAST
ORD00209,CUST0326,2025-08-11 16:52:22.333675,PLACED,EAST
ORD00210,CUST0001,2025-01-27 19:26:59.349506,CANCELLED,EAST
ORD00211,CUST0054,2025-06-02 18:25:07.183523,SHIPPED,SOUTH
ORD00212,CUST0215,2026-06-21 01:09:37.566780,CANCELLED,NORTH
ORD00213,CUST0498,2025-12-04 10:00:00.908232,SHIPPED,EAST
ORD00214,CUST0048,2024-11-19 03:19:56.020334,PLACED,SOUTH
ORD00215,CUST0460,2025-09-22 08:10:12.600914,RETURNED,WEST
ORD00216,CUST0359,2025-10-16 18:49:59.150876,DELIVERED,WEST
ORD00217,CUST0499,2025-10-20 00:00:00.000000,PLACED,NORTH
ORD00218,CUST0259,2025-08-28 19:06:58.111118,SHIPPED,WEST
ORD00219,CUST0039,2025-07-30 04:39:24.705254,RETURNED,NORTH
ORD00220,CUST0223,2025-10-22 23:30:47.218219,SHIPPED,SOUTH
ORD00221,CUST0150,2025-02-24 00:26:40.561405,DELIVERED,EAST
ORD00222,CUST0475,2025-03-23 09:59:55.791697,CANCELLED,EAST
ORD00223,CUST0163,2025-08-11 00:48:47.915727,CANCELLED,EAST
ORD00224,CUST0120,2026-02-20 15:21:40.073178,PLACED,SOUTH
ORD00225,CUST0070,2025-05-31 14:05:37.023916,RETURNED,NORTH
ORD00226,CUST0080,2025-04-06 00:20:54.447856,PLACED,SOUTH
ORD00227,CUST0231,2025-01-18 14:25:23.592966,CANCELLED,EAST
ORD00228,CUST0209,2025-02-19 13:42:19.706980,PLACED,EAST
ORD00229,UNKNOWN,2024-07-12 21:13:47.301611,SHIPPED,WEST
ORD00230,CUST0158,2026-02-28 10:27:28.492572,CANCELLED,EAST
ORD00231,CUST0437,2026-03-24 05:24:05.952038,PLACED,NORTH
ORD00232,CUST0081,2025-03-21 00:26:10.096080,DELIVERED,NORTH
ORD00233,CUST0111,2025-06-20 13:21:51.010751,DELIVERED,SOUTH
ORD00234,CUST0047,2024-07-18 21:25:20.726745,SHIPPED,EAST
ORD00235,CUST0203,2026-05-17 09:13:19.146317,RETURNED,NORTH
ORD00236,CUST0347,2026-04-06 00:00:00.000000,DELIVERED,EAST
ORD00237,CUST0420,2025-06-26 07:19:18.193060,SHIPPED,NORTH
ORD00238,CUST0488,2024-07-19 11:43:09.067648,CANCELLED,WEST
ORD00239,CUST0285,2025-05-23 05:47:46.091829,RETURNED,SOUTH
ORD00240,CUST0049,2025-02-11 18:59:22.133893,CANCELLED,NORTH
ORD00241,CUST0412,2024-12-28 17:10:05.264840,SHIPPED,NORTH
ORD00242,CUST0007,2024-07-18 02:09:11.094558,PLACED,SOUTH
ORD00243,CUST0067,2025-04-11 18:09:21.339160,SHIPPED,WEST
ORD00244,CUST0191,2025-05-09 13:57:59.243701,PLACED,EAST
ORD00245,CUST0470,2025-08-26 06:58:50.818479,PLACED,NORTH
ORD00246,CUST0034,2025-04-27 04:12:53.324050,SHIPPED,WEST
ORD00247,CUST0415,2024-11-09 01:58:23.721982,SHIPPED,NORTH
ORD00248,CUST0464,2026-01-02 06:24:26.045654,DELIVERED,NORTH
ORD00249,CUST0022,2025-04-23 12:03:07.679628,CANCELLED,NORTH
ORD00250,CUST0087,2025-04-15 04:48:09.843138,RETURNED,WEST
ORD00251,CUST0421,2025-01-20 22:03:17.250929,CANCELLED,WEST
ORD00252,CUST0016,2025-05-17 06:06:32.460722,CANCELLED,WEST
ORD00253,CUST0089,2025-01-03 19:29:36.899394,DELIVERED,SOUTH
ORD00254,CUST0466,2026-01-22 07:07:45.216132,SHIPPED,EAST
ORD00255,CUST0144,2026-05-08 12:29:40.762742,CANCELLED,SOUTH
ORD00256,CUST0018,2026-02-22 17:37:37.390578,RETURNED,SOUTH
ORD00257,CUST0332,2025-11-24 22:23:44.796876,DELIVERED,WEST
ORD00258,UNKNOWN,2025-02-05 18:25:43.696481,RETURNED,WEST
ORD00259,CUST0032,2026-01-06 12:14:54.604567,PLACED,EAST
ORD00260,CUST0197,2026-02-23 15:15:21.028270,SHIPPED,WEST
ORD00261,CUST0103,2025-05-10 10:26:36.249010,RETURNED,SOUTH
ORD00262,CUST0323,2026-03-28 06:26:52.785829,RETURNED,NORTH
ORD00263,CUST0196,2024-11-23 01:29:09.384582,DELIVERED,WEST
ORD00264,CUST0279,2025-02-09 08:39:23.813152,CANCELLED,EAST
ORD00265,CUST0468,2025-10-21 01:18:29.191084,RETURNED,EAST
ORD00266,CUST0199,2025-10-07 01:20:47.067913,DELIVERED,SOUTH
ORD00267,CUST0014,2025-01-27 14:32:08.822503,DELIVERED,SOUTH
ORD00268,CUST0016,2025-10-10 17:25:52.274315,DELIVERED,NORTH
ORD00269,CUST0415,2024-11-26 23:50:42.723897,CANCELLED,EAST
ORD00270,UNKNOWN,2024-07-26 23:38:29.861077,RETURNED,SOUTH
ORD00271,CUST0499,2024-08-18 01:44:11.400554,SHIPPED,NORTH
ORD00272,CUST0127,2025-08-07 14:27:40.644057,SHIPPED,EAST
ORD00273,CUST0274,2024-11-25 15:22:46.394053,PLACED,SOUTH
ORD00274,CUST0295,2024-09-25 12:37:13.962667,CANCELLED,EAST
ORD00275,CUST0479,2025-01-25 11:00:38.482135,SHIPPED,SOUTH
ORD00276,CUST0122,2025-12-17 06:04:58.073265,RETURNED,EAST
ORD00277,CUST0413,2025-12-25 22:54:10.731693,DELIVERED,NORTH
ORD00278,CUST0361,2024-12-29 21:07:57.844049,DELIVERED,SOUTH
ORD00279,CUST0289,2024-10-30 21:19:30.083033,SHIPPED,WEST
ORD00280,CUST0278,2025-07-08 08:48:38.310392,DELIVERED,SOUTH
ORD00281,UNKNOWN,2025-03-19 13:51:46.329078,PLACED,NORTH
ORD00282,CUST0029,2025-02-25 10:01:25.397416,SHIPPED,SOUTH
ORD00283,CUST0011,2026-02-16 19:24:03.763971,RETURNED,WEST
ORD00284,CUST0001,2026-07-11 19:25:37.016596,DELIVERED,SOUTH
ORD00285,CUST0413,2025-06-16 12:42:15.637679,SHIPPED,EAST
ORD00286,CUST0368,2026-02-10 22:29:20.543891,SHIPPED,EAST
ORD00287,CUST0031,2025-03-11 01:22:17.737734,PLACED,SOUTH
ORD00288,CUST0301,2026-03-21 00:00:00.000000,SHIPPED,NORTH
ORD00289,CUST0434,2026-06-07 23:22:38.581858,RETURNED,EAST
ORD00290,CUST0492,2024-08-22 18:02:53.480335,PLACED,EAST
ORD00291,CUST0361,2026-01-30 09:59:07.261973,CANCELLED,NORTH
ORD00292,CUST0173,2024-09-02 23:05:34.933273,DELIVERED,EAST
ORD00293,CUST0070,2025-06-21 05:59:54.420753,SHIPPED,WEST
ORD00294,CUST0406,2024-11-30 05:02:01.898229,CANCELLED,EAST
ORD00295,CUST0090,2026-03-19 13:04:25.286318,RETURNED,EAST
ORD00296,CUST0115,2026-03-01 19:15:29.686127,RETURNED,SOUTH
ORD00297,CUST0194,2026-03-09 20:07:41.402165,DELIVERED,EAST
ORD00298,CUST0066,2024-10-09 21:46:56.261407,SHIPPED,NORTH
ORD00299,CUST0486,2026-01-24 22:22:19.289188,RETURNED,WEST
ORD00300,CUST0436,2025-01-10 16:17:57.968927,RETURNED,NORTH
ORD00301,CUST0094,2026-01-27 04:21:47.461711,RETURNED,EAST
ORD00302,CUST0472,2025-06-01 09:23:22.019031,RETURNED,SOUTH
ORD00303,CUST0328,2026-01-02 15:11:35.895463,RETURNED,NORTH
ORD00304,CUST0480,2024-08-06 07:05:49.848732,CANCELLED,SOUTH
ORD00305,CUST0170,2025-06-14 10:44:32.852412,PLACED,SOUTH
ORD00306,CUST0178,2026-01-27 00:20:31.425239,DELIVERED,SOUTH
ORD00307,CUST0326,2025-07-28 11:58:18.261840,PLACED,EAST
ORD00308,CUST0229,2026-06-30 05:35:40.288444,PLACED,EAST
ORD00309,CUST0108,2025-06-23 04:57:40.794707,SHIPPED,NORTH
ORD00310,CUST0180,2025-11-22 14:19:49.786586,DELIVERED,NORTH
ORD00311,CUST0369,2025-02-25 19:21:44.705728,PLACED,NORTH
ORD00312,CUST0198,2025-03-05 19:23:58.500547,CANCELLED,WEST
ORD00313,CUST0497,2025-10-15 09:48:59.536479,SHIPPED,WEST
ORD00314,CUST0253,2024-08-12 15:11:38.602682,CANCELLED,EAST
ORD00315,CUST0280,2026-05-28 14:01:28.215877,CANCELLED,NORTH
ORD00316,CUST0425,2025-07-28 08:14:23.477574,CANCELLED,SOUTH
ORD00317,CUST0084,2025-01-13 20:34:05.544382,CANCELLED,NORTH
ORD00318,CUST0410,2025-10-22 05:50:13.901454,PLACED,EAST
ORD00319,CUST0011,2024-12-04 23:32:17.371499,DELIVERED,EAST
ORD00320,CUST0488,2026-04-22 03:10:40.912076,PLACED,NORTH
ORD00321,CUST0176,2026-04-04 16:50:32.904873,SHIPPED,WEST
ORD00322,CUST0083,2024-12-18 21:46:11.558668,PLACED,NORTH
ORD00323,CUST0174,2024-10-03 07:25:06.155058,RETURNED,WEST
ORD00324,CUST0361,2025-10-18 03:28:01.297989,PLACED,WEST
ORD00325,CUST0483,2025-03-06 20:49:31.915164,SHIPPED,WEST
ORD00326,CUST0081,2024-11-12 01:41:32.168084,PLACED,NORTH
ORD00327,CUST0170,2025-01-30 12:03:51.385997,SHIPPED,SOUTH
ORD00328,CUST0210,2024-10-08 05:15:00.175181,RETURNED,EAST
ORD00329,CUST0339,2026-02-09 06:30:02.875304,DELIVERED,EAST
ORD00330,CUST0122,2024-07-19 08:09:53.209636,PLACED,NORTH
ORD00331,CUST0202,2024-08-12 11:49:06.319899,RETURNED,WEST
ORD00332,UNKNOWN,2026-02-05 03:07:21.638278,PLACED,EAST
ORD00333,CUST0002,2025-06-24 23:49:41.676444,CANCELLED,NORTH
ORD00334,CUST0151,2025-09-21 08:07:06.287974,RETURNED,WEST
ORD00335,CUST0103,2025-04-10 02:47:38.137226,PLACED,NORTH
ORD00336,CUST0106,2024-09-16 04:19:46.336754,SHIPPED,EAST
ORD00337,CUST0042,2024-11-05 00:18:16.099656,CANCELLED,NORTH
ORD00338,CUST0158,2024-09-17 14:01:08.312109,CANCELLED,WEST
ORD00339,CUST0251,2025-07-10 00:00:00.000000,DELIVERED,NORTH
ORD00340,CUST0329,2026-05-23 18:48:17.697950,RETURNED,WEST
ORD00341,CUST0095,2026-07-11 02:03:53.019904,DELIVERED,WEST
ORD00342,CUST0190,2025-10-12 11:07:50.818966,SHIPPED,WEST
ORD00343,CUST0023,2024-08-25 11:33:35.095128,DELIVERED,WEST
ORD00344,CUST0239,2025-10-26 15:59:18.691491,DELIVERED,SOUTH
ORD00345,CUST0429,2025-12-07 02:57:32.928154,DELIVERED,NORTH
ORD00346,CUST0078,2026-02-10 23:13:01.652689,PLACED,NORTH
ORD00347,CUST0343,2024-10-12 17:33:26.726186,DELIVERED,WEST
ORD00348,CUST0498,2024-12-29 18:45:02.799644,RETURNED,SOUTH
ORD00349,CUST0284,2026-06-29 21:52:41.496996,PLACED,WEST
ORD00350,CUST0420,2026-02-08 20:17:53.712069,RETURNED,WEST
ORD00351,CUST0495,2026-01-16 13:40:06.943040,RETURNED,WEST
ORD00352,CUST0294,2026-02-21 05:41:42.300487,SHIPPED,WEST
ORD00353,CUST0154,2025-05-29 07:01:11.890890,PLACED,WEST
ORD00354,UNKNOWN,2024-11-30 18:35:08.998574,PLACED,SOUTH
ORD00355,CUST0062,2025-11-28 07:12:38.331657,CANCELLED,SOUTH
ORD00356,CUST0486,2025-03-31 10:49:53.309025,SHIPPED,SOUTH
ORD00357,CUST0414,2024-10-19 05:40:14.276161,SHIPPED,SOUTH
ORD00358,CUST0022,2026-04-30 06:32:23.881972,CANCELLED,NORTH
ORD00359,CUST0350,2025-07-02 07:41:41.592893,CANCELLED,SOUTH
ORD00360,CUST0422,2025-05-28 09:39:03.262871,SHIPPED,EAST
ORD00361,CUST0164,2025-02-13 02:24:20.430464,PLACED,NORTH
ORD00362,UNKNOWN,2025-12-03 23:44:33.095130,RETURNED,WEST
ORD00363,CUST0283,2024-11-28 10:40:10.925526,DELIVERED,EAST
ORD00364,CUST0267,2024-11-26 03:27:39.831981,CANCELLED,NORTH
ORD00365,CUST0403,2025-03-23 18:42:03.984608,RETURNED,WEST
ORD00366,CUST0058,2025-12-29 19:44:18.004012,CANCELLED,SOUTH
ORD00367,CUST0076,2025-01-29 22:28:01.777523,RETURNED,NORTH
ORD00368,CUST0474,2026-03-12 02:25:58.284702,PLACED,NORTH
ORD00369,CUST0403,2026-05-11 19:43:48.318569,DELIVERED,EAST
ORD00370,CUST0450,2025-08-21 21:11:41.069097,CANCELLED,EAST
ORD00371,CUST0197,2024-01-09 00:00:00.000000,CANCELLED,WEST
ORD00372,CUST0020,2024-11-03 01:26:35.169794,SHIPPED,EAST
ORD00373,CUST0207,2025-02-13 19:12:07.224489,SHIPPED,WEST
ORD00374,CUST0020,2025-01-21 04:31:25.708652,CANCELLED,EAST
ORD00375,UNKNOWN,2025-04-06 23:39:16.554375,SHIPPED,NORTH
ORD00376,CUST0382,2024-07-13 08:13:49.890033,CANCELLED,EAST
ORD00377,CUST0460,2025-10-21 21:10:39.027300,DELIVERED,NORTH
ORD00378,CUST0173,2025-04-15 16:49:14.720932,DELIVERED,EAST
ORD00379,CUST0144,2024-11-25 08:18:32.223086,CANCELLED,NORTH
ORD00380,CUST0498,2024-07-26 11:47:54.144614,SHIPPED,SOUTH
ORD00381,CUST0154,2026-03-30 17:07:50.298061,CANCELLED,EAST
ORD00382,CUST0138,2026-01-30 16:21:38.923251,CANCELLED,NORTH
ORD00383,CUST0097,2025-01-03 05:54:07.755943,CANCELLED,SOUTH
ORD00384,CUST0468,2025-12-21 11:53:57.165352,CANCELLED,WEST
ORD00385,CUST0389,2025-11-05 16:25:29.711698,RETURNED,EAST
ORD00386,UNKNOWN,2025-08-10 12:20:16.334803,PLACED,SOUTH
ORD00387,CUST0034,2025-04-21 20:54:51.292003,DELIVERED,WEST
ORD00388,UNKNOWN,2025-07-30 15:21:01.679865,RETURNED,NORTH
ORD00389,CUST0089,2025-07-11 06:24:13.951116,SHIPPED,SOUTH
ORD00390,CUST0429,2025-08-19 15:40:47.011725,PLACED,SOUTH
ORD00391,CUST0017,2025-10-03 15:07:14.056991,CANCELLED,NORTH
ORD00392,CUST0471,2025-03-05 11:16:47.586235,DELIVERED,SOUTH
ORD00393,CUST0141,2025-10-23 23:37:51.227180,DELIVERED,WEST
ORD00394,CUST0259,2024-10-01 12:12:54.030700,CANCELLED,NORTH
ORD00395,CUST0349,2025-07-30 00:06:41.580757,PLACED,SOUTH
ORD00396,CUST0191,2024-08-30 12:36:35.410221,CANCELLED,WEST
ORD00397,CUST0091,2026-03-14 21:49:11.608300,CANCELLED,EAST
ORD00398,UNKNOWN,2024-10-15 14:45:03.523850,SHIPPED,EAST
ORD00399,CUST0384,2026-04-11 21:16:00.960034,PLACED,EAST
ORD00400,CUST0015,2024-12-07 10:21:48.118937,CANCELLED,NORTH
ORD00401,CUST0084,2025-07-02 08:53:23.033145,RETURNED,SOUTH
ORD00402,CUST0439,2024-09-22 22:54:40.725842,SHIPPED,SOUTH
ORD00403,CUST0347,2025-09-02 22:19:20.319589,SHIPPED,EAST
ORD00404,CUST0334,2026-03-15 17:12:45.756092,CANCELLED,NORTH
ORD00405,CUST0443,2025-11-05 09:58:13.912973,PLACED,WEST
ORD00406,CUST0467,2025-07-31 22:03:30.846366,SHIPPED,SOUTH
ORD00407,CUST0308,2025-12-07 02:42:41.863863,PLACED,SOUTH
ORD00408,CUST0130,2025-01-15 18:36:08.267955,RETURNED,EAST
ORD00409,CUST0365,2025-04-06 10:21:13.189309,DELIVERED,WEST
ORD00410,CUST0459,2025-09-28 10:53:56.096293,CANCELLED,EAST
ORD00411,CUST0236,2024-09-02 14:08:20.749955,DELIVERED,SOUTH
ORD00412,CUST0239,2026-05-23 07:37:27.225739,DELIVERED,WEST
ORD00413,CUST0300,2024-12-12 07:06:24.819036,PLACED,NORTH
ORD00414,CUST0262,2025-07-06 18:41:46.355039,DELIVERED,EAST
ORD00415,CUST0153,2026-04-23 18:35:04.163219,PLACED,WEST
ORD00416,UNKNOWN,2024-09-09 05:22:30.462047,DELIVERED,EAST
ORD00417,CUST0328,2026-02-17 22:42:29.123340,DELIVERED,EAST
ORD00418,CUST0134,2024-08-26 03:46:38.633786,DELIVERED,SOUTH
ORD00419,CUST0077,2025-08-24 10:32:51.669509,RETURNED,SOUTH
ORD00420,CUST0461,2026-05-29 04:27:06.442112,PLACED,WEST
ORD00421,CUST0339,2025-05-12 15:54:09.812532,DELIVERED,SOUTH
ORD00422,CUST0370,2025-04-08 09:56:42.962034,PLACED,WEST
ORD00423,CUST0152,2025-12-12 07:31:54.852116,DELIVERED,WEST
ORD00424,CUST0208,2026-03-06 11:19:26.290146,CANCELLED,NORTH
ORD00425,CUST0299,2025-01-22 00:00:00.000000,RETURNED,SOUTH
ORD00426,CUST0176,2024-08-11 12:19:20.587779,SHIPPED,WEST
ORD00427,CUST0465,2024-09-02 05:37:18.247288,DELIVERED,EAST
ORD00428,CUST0433,2025-02-19 19:31:10.235657,SHIPPED,SOUTH
ORD00429,CUST0151,2026-06-02 19:56:44.412766,PLACED,WEST
ORD00430,CUST0066,2026-06-14 12:09:23.661717,DELIVERED,SOUTH
ORD00431,CUST0485,2024-09-21 18:15:32.075487,DELIVERED,NORTH
ORD00432,CUST0114,2025-12-24 12:58:37.476539,DELIVERED,SOUTH
ORD00433,CUST0382,2025-08-05 04:26:13.881181,DELIVERED,WEST
ORD00434,CUST0404,2024-11-28 05:08:23.477717,DELIVERED,EAST
ORD00435,CUST0134,2025-08-01 04:33:24.434100,RETURNED,EAST
ORD00436,CUST0238,2025-01-10 12:48:17.468836,PLACED,WEST
ORD00437,CUST0028,2025-10-12 14:30:34.257442,RETURNED,NORTH
ORD00438,CUST0242,2024-11-20 11:57:46.074181,SHIPPED,NORTH
ORD00439,CUST0445,2026-01-11 02:07:36.134763,CANCELLED,EAST
ORD00440,CUST0212,2025-05-12 02:25:40.642693,PLACED,SOUTH
ORD00441,CUST0071,2024-09-27 21:26:05.364895,SHIPPED,EAST
ORD00442,CUST0210,2025-10-22 07:39:55.869503,RETURNED,WEST
ORD00443,CUST0074,2025-03-31 07:15:09.868951,DELIVERED,SOUTH
ORD00444,CUST0399,2025-06-12 21:40:48.266052,PLACED,WEST
ORD00445,CUST0171,2025-11-10 18:19:13.731214,SHIPPED,EAST
ORD00446,CUST0325,2026-04-18 16:51:28.027640,PLACED,NORTH
ORD00447,CUST0232,2024-11-11 16:01:54.277958,DELIVERED,SOUTH
ORD00448,CUST0390,2024-11-21 14:14:10.887832,SHIPPED,SOUTH
ORD00449,CUST0251,2025-05-02 03:31:06.433343,PLACED,SOUTH
ORD00450,CUST0315,2025-03-16 08:43:28.105827,CANCELLED,WEST
ORD00451,CUST0207,2024-05-11 00:00:00.000000,CANCELLED,WEST
ORD00452,CUST0197,2026-07-12 03:40:08.293645,PLACED,NORTH
ORD00453,CUST0274,2025-06-01 10:17:15.186846,SHIPPED,EAST
ORD00454,CUST0487,2025-03-27 04:23:14.659500,PLACED,EAST
ORD00455,CUST0388,2025-02-28 00:45:25.024693,RETURNED,SOUTH
ORD00456,CUST0010,2026-07-07 01:27:50.697413,PLACED,SOUTH
ORD00457,CUST0116,2025-03-06 23:17:26.994079,DELIVERED,EAST
ORD00458,CUST0067,2025-04-10 08:25:08.039943,PLACED,WEST
ORD00459,CUST0258,2026-01-22 00:55:27.706570,RETURNED,EAST
ORD00460,CUST0086,2025-05-23 08:28:27.271984,PLACED,NORTH
ORD00461,CUST0153,2025-12-25 01:10:28.725551,DELIVERED,WEST
ORD00462,CUST0373,2025-09-30 06:01:19.208143,RETURNED,EAST
ORD00463,CUST0223,2025-08-28 04:23:36.432386,SHIPPED,EAST
ORD00464,CUST0462,2024-12-16 02:05:46.424207,CANCELLED,EAST
ORD00465,CUST0385,2026-01-23 03:38:23.280058,SHIPPED,SOUTH
ORD00466,UNKNOWN,2026-05-20 08:22:26.866938,CANCELLED,NORTH
ORD00467,CUST0117,2025-01-14 10:10:46.013970,SHIPPED,SOUTH
ORD00468,CUST0109,2026-06-15 06:49:41.415059,PLACED,SOUTH
ORD00469,CUST0064,2025-06-04 16:57:44.402947,DELIVERED,NORTH
ORD00470,CUST0193,2025-04-28 21:12:43.046649,DELIVERED,NORTH
ORD00471,CUST0305,2025-12-25 08:59:11.755569,PLACED,NORTH
ORD00472,CUST0335,2026-06-30 20:19:54.720946,PLACED,NORTH
ORD00473,CUST0354,2025-09-21 00:14:19.476761,PLACED,WEST
ORD00474,CUST0228,2025-07-25 22:05:22.776107,CANCELLED,NORTH
ORD00475,CUST0281,2026-07-08 11:38:00.049484,DELIVERED,WEST
ORD00476,CUST0360,2025-02-18 07:21:13.773896,SHIPPED,SOUTH
ORD00477,CUST0356,2025-02-17 04:55:18.084180,PLACED,EAST
ORD00478,CUST0216,2024-12-21 21:37:19.247411,PLACED,EAST
ORD00479,CUST0319,2026-03-29 21:41:26.115140,RETURNED,SOUTH
ORD00480,CUST0215,2024-07-28 16:04:07.899851,PLACED,NORTH
ORD00481,UNKNOWN,2026-03-05 05:28:01.281048,PLACED,NORTH
ORD00482,CUST0255,2025-11-28 15:26:11.401531,SHIPPED,SOUTH
ORD00483,CUST0399,2025-01-30 09:33:32.023068,DELIVERED,SOUTH
ORD00484,CUST0184,2025-08-21 06:10:02.922305,CANCELLED,EAST
ORD00485,CUST0083,2025-08-23 04:48:00.480085,PLACED,WEST
ORD00486,CUST0467,2026-05-20 04:26:19.635610,SHIPPED,WEST
ORD00487,CUST0170,2024-11-02 19:59:46.328003,SHIPPED,NORTH
ORD00488,CUST0007,2024-08-09 09:11:07.918721,PLACED,NORTH
ORD00489,CUST0428,2025-03-29 14:47:48.426623,RETURNED,WEST
ORD00490,CUST0077,2024-10-21 22:07:00.643544,PLACED,NORTH
ORD00491,CUST0371,2025-04-06 23:07:54.890679,PLACED,EAST
ORD00492,CUST0330,2025-09-11 01:41:06.872984,SHIPPED,WEST
ORD00493,CUST0152,2024-12-30 00:21:08.670942,DELIVERED,WEST
ORD00494,UNKNOWN,2026-02-25 00:00:00.000000,PLACED,SOUTH
ORD00495,CUST0448,2024-09-17 22:50:50.298901,PLACED,EAST
ORD00496,CUST0185,2025-04-30 20:40:54.560950,DELIVERED,WEST
ORD00497,CUST0379,2026-05-14 07:28:26.494691,PLACED,NORTH
ORD00498,CUST0436,2025-12-31 04:24:32.720606,PLACED,NORTH
ORD00499,UNKNOWN,2025-12-23 09:04:38.314435,SHIPPED,SOUTH
ORD00500,CUST0169,2026-02-12 00:25:35.666537,DELIVERED,WEST
ORD00501,CUST0490,2024-11-16 02:51:15.515391,RETURNED,EAST
ORD00502,CUST0450,2026-03-07 23:28:43.821739,PLACED,EAST
ORD00503,CUST0418,2025-11-28 13:15:40.101450,DELIVERED,SOUTH
ORD00504,CUST0059,2025-09-06 17:50:30.341835,CANCELLED,WEST
ORD00505,CUST0493,2026-05-06 20:11:37.956293,CANCELLED,EAST
ORD00506,CUST0428,2025-09-20 14:55:06.836270,CANCELLED,WEST
ORD00507,CUST0410,2025-02-17 05:57:40.215426,CANCELLED,SOUTH
ORD00508,CUST0058,2025-12-28 15:27:32.933725,SHIPPED,NORTH
ORD00509,CUST0483,2025-09-06 18:44:23.921420,SHIPPED,NORTH
ORD00510,CUST0214,2024-09-08 03:26:19.930210,RETURNED,WEST
ORD00511,CUST0411,2024-08-22 16:01:15.317485,RETURNED,WEST
ORD00512,CUST0093,2026-01-26 22:41:09.466643,RETURNED,WEST
ORD00513,CUST0399,2025-03-23 23:21:22.374478,DELIVERED,NORTH
ORD00514,UNKNOWN,2026-03-01 17:20:48.805920,SHIPPED,WEST
ORD00515,CUST0472,2025-05-13 01:52:10.446703,CANCELLED,NORTH
ORD00516,CUST0455,2026-04-07 18:00:32.638160,CANCELLED,WEST
ORD00517,CUST0024,2026-04-09 04:17:25.804967,PLACED,EAST
ORD00518,CUST0336,2024-12-25 10:18:58.403420,DELIVERED,NORTH
ORD00519,CUST0361,2025-11-01 15:49:19.698574,RETURNED,SOUTH
ORD00520,CUST0490,2025-09-25 18:52:26.332991,DELIVERED,NORTH
ORD00521,CUST0222,2024-07-21 04:04:22.482721,SHIPPED,WEST
ORD00522,CUST0178,2026-01-31 16:56:27.188513,CANCELLED,SOUTH
ORD00523,CUST0430,2025-04-18 05:11:19.178245,RETURNED,NORTH
ORD00524,CUST0006,2025-02-20 10:55:37.132549,SHIPPED,WEST
ORD00525,CUST0437,2024-08-11 21:35:53.918822,CANCELLED,SOUTH
ORD00526,CUST0039,2025-08-11 05:23:58.860895,CANCELLED,EAST
ORD00527,CUST0124,2024-10-30 00:00:00.000000,DELIVERED,EAST
ORD00528,CUST0026,2025-07-14 19:28:28.973716,RETURNED,SOUTH
ORD00529,UNKNOWN,2024-12-21 02:31:15.310699,CANCELLED,WEST
ORD00530,UNKNOWN,2024-08-18 17:17:59.875538,SHIPPED,NORTH
ORD00531,CUST0236,2025-12-29 05:17:42.818491,CANCELLED,WEST
ORD00532,CUST0046,2025-04-25 19:26:30.570946,CANCELLED,WEST
ORD00533,CUST0162,2025-06-03 07:56:26.832125,PLACED,WEST
ORD00534,UNKNOWN,2025-09-20 13:10:57.891586,PLACED,NORTH
ORD00535,CUST0207,2025-07-16 12:17:00.453420,CANCELLED,NORTH
ORD00536,CUST0286,2024-12-22 01:06:34.073937,RETURNED,NORTH
ORD00537,CUST0423,2025-02-09 11:56:52.096756,PLACED,EAST
ORD00538,CUST0456,2025-04-26 20:40:54.996131,RETURNED,SOUTH
ORD00539,CUST0336,2024-10-17 09:05:08.613722,CANCELLED,EAST
ORD00540,CUST0187,2024-09-11 02:45:07.655252,PLACED,SOUTH
ORD00541,CUST0433,2025-09-03 05:49:58.708856,CANCELLED,EAST
ORD00542,CUST0287,2024-08-17 20:06:33.607336,RETURNED,WEST
ORD00543,CUST0367,2025-04-30 10:02:27.906600,DELIVERED,WEST
ORD00544,CUST0059,2024-09-12 23:10:29.293365,PLACED,SOUTH
ORD00545,CUST0002,2025-07-14 09:19:58.155739,DELIVERED,EAST
ORD00546,CUST0425,2026-01-29 01:56:30.088939,DELIVERED,EAST
ORD00547,CUST0360,2024-10-16 01:17:08.950242,PLACED,NORTH
ORD00548,CUST0460,2024-10-19 08:06:01.170037,SHIPPED,WEST
ORD00549,CUST0072,2025-08-25 08:55:22.626585,CANCELLED,NORTH
ORD00550,CUST0131,2025-07-04 04:33:26.862390,RETURNED,SOUTH
ORD00551,CUST0097,2025-11-01 06:31:02.590555,PLACED,WEST
ORD00552,CUST0111,2024-12-03 01:31:46.704587,CANCELLED,SOUTH
ORD00553,CUST0367,2025-10-05 18:58:18.161590,DELIVERED,NORTH
ORD00554,CUST0388,2026-01-01 04:59:05.202554,CANCELLED,NORTH
ORD00555,CUST0475,2025-01-08 16:40:28.959962,RETURNED,NORTH
ORD00556,CUST0396,2024-09-03 03:38:19.347226,CANCELLED,WEST
ORD00557,CUST0338,2026-01-31 05:36:10.484776,RETURNED,SOUTH
ORD00558,UNKNOWN,2025-03-06 01:30:30.558587,CANCELLED,NORTH
ORD00559,CUST0272,2026-05-18 21:09:21.892705,PLACED,WEST
ORD00560,CUST0430,2024-09-16 06:20:28.315897,RETURNED,WEST
ORD00561,CUST0474,2025-11-15 12:21:59.405718,RETURNED,SOUTH
ORD00562,CUST0355,2025-05-18 04:55:16.948267,RETURNED,SOUTH
ORD00563,CUST0375,2025-03-24 05:58:37.170463,SHIPPED,NORTH
ORD00564,CUST0199,2025-03-04 02:38:30.683228,RETURNED,EAST
ORD00565,CUST0259,2025-09-19 15:10:47.817443,CANCELLED,WEST
ORD00566,CUST0312,2024-07-30 11:59:36.108574,SHIPPED,EAST
ORD00567,CUST0204,2025-02-20 11:32:54.799691,DELIVERED,EAST
ORD00568,CUST0232,2026-07-04 06:39:00.607037,SHIPPED,SOUTH
ORD00569,CUST0212,2025-10-05 22:54:05.479316,RETURNED,EAST
ORD00570,CUST0432,2026-07-06 02:36:22.825824,RETURNED,EAST
ORD00571,CUST0365,2025-05-31 20:13:34.094819,RETURNED,SOUTH
ORD00572,CUST0103,2024-10-27 08:01:49.251004,SHIPPED,EAST
ORD00573,CUST0352,2024-08-14 14:22:57.054136,DELIVERED,SOUTH
ORD00574,CUST0364,2026-03-02 11:24:29.572426,SHIPPED,EAST
ORD00575,CUST0364,2024-12-05 16:23:46.137721,PLACED,EAST
ORD00576,CUST0288,2025-04-11 21:15:26.982915,CANCELLED,WEST
ORD00577,CUST0346,2026-01-17 07:50:08.871141,RETURNED,EAST
ORD00578,CUST0450,2026-03-27 17:51:44.999371,CANCELLED,NORTH
ORD00579,CUST0268,2024-10-02 21:39:29.715632,PLACED,NORTH
ORD00580,CUST0196,2024-08-21 15:44:42.379243,SHIPPED,NORTH
ORD00581,CUST0344,2026-06-05 23:59:14.870135,PLACED,SOUTH
ORD00582,CUST0137,2026-05-20 18:35:27.663837,SHIPPED,EAST
ORD00583,CUST0350,2026-04-08 10:09:36.220479,DELIVERED,SOUTH
ORD00584,UNKNOWN,2026-03-03 21:48:20.495394,PLACED,EAST
ORD00585,CUST0105,2024-07-22 20:22:34.783875,RETURNED,NORTH
ORD00586,CUST0184,2025-12-01 14:53:44.510313,CANCELLED,NORTH
ORD00587,CUST0316,2024-10-02 02:28:59.452282,RETURNED,SOUTH
ORD00588,CUST0381,2025-06-06 13:52:27.336759,RETURNED,WEST
ORD00589,CUST0122,2024-07-29 10:25:11.528648,RETURNED,EAST
ORD00590,CUST0355,2024-12-12 11:51:56.821475,PLACED,WEST
ORD00591,CUST0199,2025-08-09 19:39:51.403460,CANCELLED,EAST
ORD00592,CUST0495,2024-12-08 16:33:29.978340,RETURNED,NORTH
ORD00593,UNKNOWN,2025-07-30 01:15:25.558493,DELIVERED,SOUTH
ORD00594,CUST0318,2025-01-17 18:16:43.656777,CANCELLED,SOUTH
ORD00595,CUST0467,2025-06-30 15:47:47.775472,DELIVERED,SOUTH
ORD00596,CUST0398,2025-12-28 00:16:50.649985,SHIPPED,EAST
ORD00597,CUST0230,2024-10-24 01:38:45.492755,SHIPPED,NORTH
ORD00598,CUST0096,2025-12-05 05:51:07.770206,SHIPPED,NORTH
ORD00599,CUST0194,2024-07-26 05:59:21.872344,PLACED,WEST
ORD00600,CUST0143,2025-09-11 16:34:25.166493,RETURNED,EAST
ORD00601,CUST0067,2025-11-09 12:16:16.434001,SHIPPED,EAST
ORD00602,UNKNOWN,2024-08-13 13:54:59.462821,DELIVERED,WEST
ORD00603,CUST0364,2024-11-14 05:34:23.274810,SHIPPED,NORTH
ORD00604,CUST0079,2025-02-05 06:47:59.670553,DELIVERED,NORTH
ORD00605,CUST0397,2026-02-09 07:17:04.950816,RETURNED,EAST
ORD00606,CUST0252,2025-10-07 05:28:21.611765,RETURNED,EAST
ORD00607,CUST0038,2024-08-20 14:16:33.354681,DELIVERED,SOUTH
ORD00608,CUST0490,2025-11-03 02:30:41.609600,SHIPPED,NORTH
ORD00609,CUST0403,2024-07-18 21:43:17.736185,RETURNED,SOUTH
ORD00610,CUST0213,2025-04-22 17:09:03.618077,RETURNED,WEST
ORD00611,CUST0048,2025-01-27 00:05:39.013396,DELIVERED,SOUTH
ORD00612,CUST0453,2026-03-27 05:55:12.075615,SHIPPED,EAST
ORD00613,CUST0170,2025-11-07 00:10:25.429312,DELIVERED,EAST
ORD00614,CUST0112,2026-04-05 03:47:34.072423,RETURNED,WEST
ORD00615,CUST0288,2024-07-26 18:04:58.263428,PLACED,NORTH
ORD00616,CUST0343,2026-04-07 10:38:03.697604,DELIVERED,WEST
ORD00617,CUST0124,2025-10-30 00:00:00.000000,RETURNED,SOUTH
ORD00618,CUST0491,2024-12-28 16:20:53.234347,PLACED,EAST
ORD00619,UNKNOWN,2025-04-16 21:52:53.713562,PLACED,WEST
ORD00620,CUST0132,2026-06-26 05:06:09.323104,RETURNED,EAST
ORD00621,CUST0013,2024-09-23 13:48:55.078470,RETURNED,EAST
ORD00622,CUST0264,2025-02-28 06:02:00.486202,RETURNED,WEST
ORD00623,CUST0250,2026-04-06 23:27:16.405252,PLACED,EAST
ORD00624,CUST0460,2025-08-05 02:40:36.894810,SHIPPED,EAST
ORD00625,CUST0264,2024-11-25 23:47:27.561089,PLACED,NORTH
ORD00626,CUST0086,2025-07-13 12:46:50.690912,RETURNED,NORTH
ORD00627,CUST0321,2025-06-12 08:48:22.132449,PLACED,SOUTH
ORD00628,CUST0344,2026-05-20 11:56:02.084805,SHIPPED,WEST
ORD00629,CUST0428,2024-07-28 12:20:10.205834,PLACED,SOUTH
ORD00630,CUST0276,2025-01-09 12:46:15.885116,CANCELLED,NORTH
ORD00631,CUST0383,2025-08-03 13:04:00.743040,SHIPPED,NORTH
ORD00632,CUST0236,2025-03-13 11:35:36.795320,DELIVERED,NORTH
ORD00633,CUST0045,2025-04-26 04:30:27.387247,PLACED,NORTH
ORD00634,CUST0092,2024-11-04 12:09:05.487017,DELIVERED,NORTH
ORD00635,CUST0295,2025-03-23 03:11:22.692318,SHIPPED,EAST
ORD00636,CUST0209,2025-03-26 21:10:55.464103,CANCELLED,WEST
ORD00637,CUST0323,2025-10-12 12:51:36.334470,CANCELLED,WEST
ORD00638,CUST0162,2025-01-01 08:38:21.866729,PLACED,WEST
ORD00639,CUST0345,2026-06-27 09:43:11.169899,PLACED,NORTH
ORD00640,CUST0329,2025-07-13 23:18:39.059964,RETURNED,NORTH
ORD00641,CUST0388,2026-02-25 21:19:36.292905,RETURNED,NORTH
ORD00642,CUST0359,2025-10-12 22:42:07.825189,PLACED,EAST
ORD00643,CUST0476,2026-04-15 16:09:32.541700,RETURNED,NORTH
ORD00644,CUST0149,2026-04-24 05:42:46.128474,DELIVERED,NORTH
ORD00645,CUST0145,2026-02-28 01:19:16.813070,CANCELLED,WEST
ORD00646,CUST0203,2024-08-03 08:11:34.157108,PLACED,WEST
ORD00647,CUST0081,2025-08-22 04:32:28.228703,RETURNED,SOUTH
ORD00648,CUST0070,2025-02-02 11:50:05.367515,CANCELLED,EAST
ORD00649,UNKNOWN,2024-10-31 15:17:09.019115,SHIPPED,EAST
ORD00650,CUST0347,2026-04-29 04:27:28.120398,DELIVERED,NORTH
ORD00651,CUST0284,2025-11-04 16:37:23.174377,RETURNED,SOUTH
ORD00652,CUST0064,2024-09-14 22:47:27.355834,PLACED,NORTH
ORD00653,CUST0294,2025-04-18 00:16:57.483359,RETURNED,WEST
ORD00654,CUST0276,2026-06-14 12:29:19.536255,RETURNED,NORTH
ORD00655,CUST0157,2025-10-03 04:45:43.525147,SHIPPED,EAST
ORD00656,CUST0109,2025-10-12 18:00:28.358641,CANCELLED,SOUTH
ORD00657,CUST0083,2024-12-25 22:46:08.286976,SHIPPED,SOUTH
ORD00658,CUST0316,2025-01-04 09:30:04.136371,DELIVERED,SOUTH
ORD00659,CUST0059,2024-01-11 00:00:00.000000,SHIPPED,NORTH
ORD00660,CUST0436,2026-06-21 18:36:09.699104,RETURNED,WEST
ORD00661,CUST0331,2026-05-08 08:39:18.289121,RETURNED,NORTH
ORD00662,CUST0149,2025-03-10 08:28:22.115177,PLACED,EAST
ORD00663,CUST0051,2025-08-12 21:47:33.674188,SHIPPED,WEST
ORD00664,CUST0488,2024-12-10 20:22:48.465114,DELIVERED,EAST
ORD00665,UNKNOWN,2024-10-22 01:04:04.743957,SHIPPED,NORTH
ORD00666,CUST0146,2025-08-12 06:21:58.593054,RETURNED,NORTH
ORD00667,CUST0461,2026-02-17 06:40:07.248611,SHIPPED,EAST
ORD00668,CUST0249,2026-04-03 22:05:01.226679,CANCELLED,EAST
ORD00669,CUST0316,2025-02-23 12:49:20.624227,DELIVERED,SOUTH
ORD00670,UNKNOWN,2025-12-09 21:43:24.666656,RETURNED,EAST
ORD00671,CUST0414,2025-07-30 10:43:01.716442,DELIVERED,WEST
ORD00672,CUST0087,2024-10-19 14:47:33.483148,PLACED,EAST
ORD00673,CUST0127,2026-07-10 03:29:46.873740,SHIPPED,WEST
ORD00674,CUST0142,2026-06-25 14:27:47.628747,DELIVERED,SOUTH
ORD00675,CUST0348,2024-10-26 20:21:10.610781,DELIVERED,WEST
ORD00676,CUST0237,2026-05-25 09:02:38.398724,CANCELLED,EAST
ORD00677,CUST0397,2026-05-13 00:00:00.000000,DELIVERED,WEST
ORD00678,CUST0283,2025-03-01 17:48:07.213079,PLACED,SOUTH
ORD00679,CUST0331,2025-08-23 22:38:00.298200,RETURNED,NORTH
ORD00680,CUST0431,2026-06-05 18:02:17.259069,DELIVERED,SOUTH
ORD00681,CUST0457,2024-10-07 07:07:11.957834,RETURNED,SOUTH
ORD00682,CUST0135,2025-03-01 19:34:45.552687,PLACED,NORTH
ORD00683,CUST0457,2026-04-16 09:00:14.958761,PLACED,NORTH
ORD00684,CUST0417,2025-12-25 22:25:12.764190,RETURNED,WEST
ORD00685,CUST0394,2026-01-22 22:51:00.233605,RETURNED,SOUTH
ORD00686,CUST0465,2026-04-16 17:39:39.033809,PLACED,EAST
ORD00687,CUST0279,2025-05-11 06:21:50.755955,RETURNED,WEST
ORD00688,CUST0335,2025-05-09 05:28:45.646682,SHIPPED,EAST
ORD00689,CUST0201,2025-06-01 10:09:10.289283,SHIPPED,EAST
ORD00690,CUST0069,2026-05-25 21:59:32.618645,CANCELLED,NORTH
ORD00691,CUST0204,2026-04-26 23:04:13.597358,DELIVERED,NORTH
ORD00692,CUST0340,2026-05-25 00:00:00.000000,SHIPPED,SOUTH
ORD00693,CUST0388,2025-01-28 19:40:25.570179,RETURNED,SOUTH
ORD00694,CUST0229,2026-02-01 22:33:22.683210,SHIPPED,SOUTH
ORD00695,CUST0290,2024-09-28 19:28:34.837162,RETURNED,SOUTH
ORD00696,CUST0377,2024-11-24 18:29:51.838657,CANCELLED,EAST
ORD00697,CUST0021,2026-01-20 18:28:26.916051,SHIPPED,WEST
ORD00698,CUST0119,2025-10-02 20:34:42.428999,PLACED,EAST
ORD00699,CUST0190,2025-01-23 18:07:05.053705,SHIPPED,NORTH
ORD00700,CUST0343,2025-08-31 00:44:17.368997,SHIPPED,EAST
