product_id,product_name,category,subcategory,cost_price
PROD0001,Commodi Chair,Home,Chair,48785
PROD0002,iD jEANS,Clothing,Jeans,14280
PROD0003,Nulla Comics,Books,Comics,47586
PROD0004,Modi Chair,Home,Chair,12821
PROD0005,Nam Table,Home,Table,23750
PROD0006,Ut Jacket,Clothing,Jacket,1027
PROD0007,Aliquam Jacket,Clothing,Jacket,3082
PROD0008,Pariatur Headphones,Electronics,Headphones,45805
PROD0009,Dolore Shoes,Clothing,Shoes,6823
PROD0010,Quibusdam Headphones,Electronics,Headphones,30862
PROD0011,Est Biography,Books,Biography,22428
PROD0012,dELENITI sHIRT,Clothing,Shirt,16646
PROD0013,Mollitia Novel,Books,Novel,4382
PROD0014,Quisquam Biography,Books,Biography,4955
PROD0015,Impedit Laptop,Electronics,Laptop,9877
PROD0016,Tempora Chair,Home,Chair,16365
PROD0017,Dicta Camera,Electronics,Camera,39835
PROD0018,In Shoes,Clothing,Shoes,29624
PROD0019,Veritatis Comics,Books,Comics,38669
PROD0020,Tenetur Comics,Books,Comics,37365
PROD0021,Minima Mobile,Electronics,Mobile,13717
PROD0022,Accusamus Jacket,Clothing,Jacket,43381
PROD0023,Quod Laptop,Electronics,Laptop,15819
PROD0024,Quos Shirt,Clothing,Shirt,10358
PROD0025,Dicta Camera,Electronics,Camera,29624
PROD0026,Cupiditate Comics,Books,Comics,2239
PROD0027,Animi Jacket,Clothing,Jacket,46431
PROD0028,Ab Lamp,Home,Lamp,4764
PROD0029,Rem Jacket,Clothing,Jacket,41063
PROD0030,Saepe Shoes,Clothing,Shoes,7621
PROD0031,Mollitia Jeans,Clothing,Jeans,17508
PROD0032,Quidem Shirt,Clothing,Shirt,4008
PROD0033,Quo Jacket,Clothing,Jacket,39096
PROD0034,Blanditiis Lamp,Home,Lamp,8249
PROD0035,Inventore Comics,Books,Comics,45957
PROD0036,Eos Comics,Books,Comics,32898
PROD0037,Laborum Biography,Books,Biography,5371
PROD0038,Error Camera,Electronics,Camera,48238
PROD0039,Neque Sofa,Home,Sofa,1795
PROD0040,Tenetur Laptop,Electronics,Laptop,44290
PROD0041,Quam Headphones,Electronics,Headphones,37864
PROD0042,Dicta Laptop,Electronics,Laptop,30934
PROD0043,Dolorem Comics,Books,Comics,11994
PROD0044,Ea Biography,Books,Biography,6079
PROD0045,Est Comics,Books,Comics,26861
PROD0046,Sint Sofa,Home,Sofa,44017
PROD0047,Explicabo Laptop,Electronics,Laptop,21714
PROD0048,Earum Biography,Books,Biography,18988
PROD0049,Cum Novel,Books,Novel,29907
PROD0050,Ducimus Headphones,Electronics,Headphones,16641
PROD0051,Velit Chair,Home,Chair,26588
PROD0052,Reiciendis Camera,Electronics,Camera,27182
PROD0053,Asperiores Laptop,Electronics,Laptop,34076
PROD0054,Quo Lamp,Home,Lamp,41086
PROD0055,Officiis Novel,Books,Novel,13440
PROD0056,Tenetur Table,Home,Table,18976
PROD0057,Quo Biography,Books,Biography,8057
PROD0058,Aut Laptop,Electronics,Laptop,46616
PROD0059,Illum Jacket,Clothing,Jacket,36199
PROD0060,Velit Camera,Electronics,Camera,6208
PROD0061,   Atque Shirt   ,Clothing,Shirt,30341
PROD0062,Explicabo Laptop,Electronics,Laptop,32761
PROD0063,Consequuntur Sofa,Home,Sofa,27329
PROD0064,Eius Biography,Books,Biography,16073
PROD0065,Repellendus Education,Books,Education,25238
PROD0066,pLACEAT jEANS,Clothing,Jeans,4675
PROD0067,Iure Lamp,Home,Lamp,22374
PROD0068,Magnam Chair,Home,Chair,18636
PROD0069,Debitis Lamp,Home,Lamp,9838
PROD0070,Velit Biography,Books,Biography,22718
PROD0071,Ullam Lamp,Home,Lamp,29941
PROD0072,Ex Table,Home,Table,45811
PROD0073,Consequuntur Shoes,Clothing,Shoes,15406
PROD0074,Id Novel,Books,Novel,20952
PROD0075,Sit Biography,Books,Biography,25402
PROD0076,Atque Shoes,Clothing,Shoes,2526
PROD0077,Earum Jacket,Clothing,Jacket,6677
PROD0078,Ipsum Novel,Books,Novel,34568
PROD0079,Placeat Novel,Books,Novel,47446
PROD0080,Odio Shoes,Clothing,Shoes,43011
PROD0081,Iure Shirt,Clothing,Shirt,30868
PROD0082,Sint Sofa,Home,Sofa,40945
PROD0083,Unde Novel,Books,Novel,21632
PROD0084,Inventore Comics,Books,Comics,41177
PROD0085,Voluptate Novel,Books,Novel,40565
PROD0086,Reprehenderit Laptop,Electronics,Laptop,41463
PROD0087,Dolor Table,Home,Table,49040
PROD0088,Recusandae Camera,Electronics,Camera,6551
PROD0089,Reiciendis Camera,Electronics,Camera,11002
PROD0090,Maiores Chair,Home,Chair,3114
PROD0091,Ipsam Chair,Home,Chair,19326
PROD0092,nOBIS sOFA,Home,Sofa,28325
PROD0093,Dolores Jeans,Clothing,Jeans,34910
PROD0094,Ab Education,Books,Education,11240
PROD0095,Ipsam Shirt,Clothing,Shirt,40043
PROD0096,Expedita Education,Books,Education,32715
PROD0097,Est Jeans,Clothing,Jeans,30321
PROD0098,Temporibus Lamp,Home,Lamp,16833
PROD0099,Nostrum Camera,Electronics,Camera,18950
PROD0100,Harum Shirt,Clothing,Shirt,29049
PROD0101,Magni Sofa,Home,Sofa,41973
PROD0102,Deleniti Comics,Books,Comics,30039
PROD0103,Veritatis Table,Home,Table,25311
PROD0104,Iure Novel,Books,Novel,15645
PROD0105,Perferendis Comics,Books,Comics,37770
PROD0106,Officiis Sofa,Home,Sofa,1537
PROD0107,Occaecati Comics,Books,Comics,630
PROD0108,Magnam Camera,Electronics,Camera,18856
PROD0109,Inventore Jacket,Clothing,Jacket,14452
PROD0110,Placeat Jacket,Clothing,Jacket,44517
PROD0111,Quod Shirt,Clothing,Shirt,41221
PROD0112,Corrupti Headphones,Electronics,Headphones,28989
PROD0113,Doloribus Headphones,Electronics,Headphones,48095
PROD0114,Tenetur Shirt,Clothing,Shirt,19440
PROD0115,   Sequi Lamp   ,Home,Lamp,11610
PROD0116,Beatae Jeans,Clothing,Jeans,35450
PROD0117,Hic Sofa,Home,Sofa,10883
PROD0118,Deserunt Lamp,Home,Lamp,19442
PROD0119,Quidem Chair,Home,Chair,30792
PROD0120,Eius Laptop,Electronics,Laptop,49524
PROD0121,Fuga Shoes,Clothing,Shoes,36624
PROD0122,Sunt Chair,Home,Chair,25958
PROD0123,Autem Headphones,Electronics,Headphones,35264
PROD0124,Autem Camera,Electronics,Camera,24255
PROD0125,Ad Lamp,Home,Lamp,41947
PROD0126,Quae Chair,Home,Chair,44326
PROD0127,Suscipit Shoes,Clothing,Shoes,1740
PROD0128,Aliquam Table,Home,Table,42544
PROD0129,Repellendus Camera,Electronics,Camera,46045
PROD0130,Repellendus Lamp,Home,Lamp,7746
PROD0131,Necessitatibus Shirt,Clothing,Shirt,2538
PROD0132,Rerum Lamp,Home,Lamp,7710
PROD0133,Error Laptop,Electronics,Laptop,35328
PROD0134,Amet Shoes,Clothing,Shoes,29829
PROD0135,Quod Lamp,Home,Lamp,38591
PROD0136,Facilis Shoes,Clothing,Shoes,43020
PROD0137,Quisquam Camera,Electronics,Camera,40447
PROD0138,Quis Comics,Books,Comics,2244
PROD0139,Optio Table,Home,Table,29157
PROD0140,Ullam Education,Books,Education,23868
PROD0141,Distinctio Headphones,Electronics,Headphones,35782
PROD0142,Maiores Chair,Home,Chair,26192
PROD0143,Mollitia Table,Home,Table,8105
PROD0144,Et Novel,Books,Novel,43535
PROD0145,Repudiandae Shirt,Clothing,Shirt,3414
PROD0146,Illum Table,Home,Table,8352
PROD0147,Deleniti Shirt,Clothing,Shirt,36420
PROD0148,Officiis Jeans,Clothing,Jeans,15369
PROD0149,Provident Table,Home,Table,39158
PROD0150,Quaerat Headphones,Electronics,Headphones,9582
PROD0151,Consectetur Jacket,Clothing,Jacket,11535
PROD0152,Nam Mobile,Electronics,Mobile,8737
PROD0153,   Maiores Headphones   ,Electronics,Headphones,15693
PROD0154,Provident Chair,Home,Chair,11519
PROD0155,Accusamus Chair,Home,Chair,8407
PROD0156,Ut Novel,Books,Novel,48967
PROD0157,Excepturi Camera,Electronics,Camera,29478
PROD0158,Sint Chair,Home,Chair,29722
PROD0159,Vitae Shirt,Clothing,Shirt,47760
PROD0160,Doloremque Lamp,Home,Lamp,42261
PROD0161,Quam Mobile,Electronics,Mobile,31490
PROD0162,Deserunt Biography,Books,Biography,45064
PROD0163,Occaecati Camera,Electronics,Camera,46787
PROD0164,Dolore Novel,Books,Novel,5394
PROD0165,Dolorum Table,Home,Table,4404
PROD0166,Recusandae Jacket,Clothing,Jacket,41015
PROD0167,Recusandae Lamp,Home,Lamp,39250
PROD0168,Unde Lamp,Home,Lamp,33231
PROD0169,Dignissimos Novel,Books,Novel,46091
PROD0170,Perspiciatis Laptop,Electronics,Laptop,28285
PROD0171,Magnam Education,Books,Education,27219
PROD0172,Animi Lamp,Home,Lamp,26231
PROD0173,Est Novel,Books,Novel,20583
PROD0174,Placeat Comics,Books,Comics,43688
PROD0175,Eveniet Sofa,Home,Sofa,10103
PROD0176,At Novel,Books,Novel,6078
PROD0177,Fuga Mobile,Electronics,Mobile,28403
PROD0178,Maxime Headphones,Electronics,Headphones,8627
PROD0179,   Eveniet Headphones   ,Electronics,Headphones,44009
PROD0180,Animi Camera,Electronics,Camera,23273
PROD0181,Velit Novel,Books,Novel,18950
PROD0182,Enim Sofa,Home,Sofa,6889
PROD0183,Quas Jeans,Clothing,Jeans,43139
PROD0184,Magni Education,Books,Education,7192
PROD0185,Molestias Sofa,Home,Sofa,7629
PROD0186,Optio Table,Home,Table,28222
PROD0187,Odit Headphones,Electronics,Headphones,1997
PROD0188,Aperiam Jacket,Clothing,Jacket,46152
PROD0189,Animi Sofa,Home,Sofa,23104
PROD0190,Totam Laptop,Electronics,Laptop,9488
PROD0191,Iste Novel,Books,Novel,9397
PROD0192,Corporis Mobile,Electronics,Mobile,48997
PROD0193,Voluptatibus Shoes,Clothing,Shoes,27614
PROD0194,Quasi Comics,Books,Comics,10415
PROD0195,Tempora Sofa,Home,Sofa,47390
PROD0196,Harum Chair,Home,Chair,3547
PROD0197,Fuga Jeans,Clothing,Jeans,49542
PROD0198,Repellendus Mobile,Electronics,Mobile,17932
PROD0199,Quisquam Biography,Books,Biography,31928
PROD0200,Reiciendis Biography,Books,Biography,18002
PROD0201,Doloribus Shirt,Clothing,Shirt,22721
PROD0202,mINUS nOVEL,Books,Novel,18662
PROD0203,Ullam Comics,Books,Comics,3076
PROD0204,Minus Shoes,Clothing,Shoes,39377
PROD0205,Maiores Mobile,Electronics,Mobile,13497
PROD0206,Repudiandae Table,Home,Table,9093
PROD0207,Ullam Sofa,Home,Sofa,21603
PROD0208,Autem Mobile,Electronics,Mobile,32696
PROD0209,Quas Education,Books,Education,8566
PROD0210,Explicabo Education,Books,Education,32885
PROD0211,Minus Chair,Home,Chair,26122
PROD0212,Et Camera,Electronics,Camera,1328
PROD0213,Quas Novel,Books,Novel,20616
PROD0214,Necessitatibus Biography,Books,Biography,46597
PROD0215,Libero Comics,Books,Comics,7648
PROD0216,Laborum Novel,Books,Novel,21384
PROD0217,Placeat Shoes,Clothing,Shoes,45294
PROD0218,pERSPICIATIS cHAIR,Home,Chair,28720
PROD0219,Sed Laptop,Electronics,Laptop,28652
PROD0220,Ab Novel,Books,Novel,26036
PROD0221,Provident Sofa,Home,Sofa,14620
PROD0222,Deserunt Table,Home,Table,5105
PROD0223,Nulla Laptop,Electronics,Laptop,22996
PROD0224,Doloremque Table,Home,Table,15584
PROD0225,Eum Laptop,Electronics,Laptop,16875
PROD0226,Autem Jeans,Clothing,Jeans,39578
PROD0227,Quam Shirt,Clothing,Shirt,11709
PROD0228,Temporibus Biography,Books,Biography,49543
PROD0229,Hic Comics,Books,Comics,41205
PROD0230,Error Table,Home,Table,28920
PROD0231,Distinctio Camera,Electronics,Camera,29080
PROD0232,Ea Sofa,Home,Sofa,38859
PROD0233,Dolore Headphones,Electronics,Headphones,33348
PROD0234,Magni Headphones,Electronics,Headphones,30360
PROD0235,Sed Novel,Books,Novel,3828
PROD0236,Cumque Sofa,Home,Sofa,5128
PROD0237,Ut Camera,Electronics,Camera,30424
PROD0238,eUM cAMERA,Electronics,Camera,37564
PROD0239,Nesciunt Jacket,Clothing,Jacket,39749
PROD0240,Iure Education,Books,Education,4154
PROD0241,Cum Novel,Books,Novel,22607
PROD0242,Perspiciatis Laptop,Electronics,Laptop,2665
PROD0243,Veniam Shoes,Clothing,Shoes,28897
PROD0244,Perferendis Jacket,Clothing,Jacket,24535
PROD0245,Perferendis Lamp,Home,Lamp,26889
PROD0246,Eos Chair,Home,Chair,41445
PROD0247,Rerum Chair,Home,Chair,21706
PROD0248,Dolorem Camera,Electronics,Camera,18721
PROD0249,Tenetur Table,Home,Table,21947
PROD0250,Neque Laptop,Electronics,Laptop,23025
PROD0251,Adipisci Lamp,Home,Lamp,8550
PROD0252,Exercitationem Headphones,Electronics,Headphones,36729
PROD0253,Aperiam Comics,Books,Comics,8475
PROD0254,Debitis Camera,Electronics,Camera,33424
PROD0255,Rem Chair,Home,Chair,23863
PROD0256,Rerum Table,Home,Table,14137
PROD0257,Dolorem Lamp,Home,Lamp,12683
PROD0258,Deleniti Jeans,Clothing,Jeans,10254
PROD0259,Suscipit Headphones,Electronics,Headphones,6728
PROD0260,Quam Headphones,Electronics,Headphones,40603
PROD0261,Animi Shoes,Clothing,Shoes,10209
PROD0262,Rem Jeans,Clothing,Jeans,45506
PROD0263,Dignissimos Shoes,Clothing,Shoes,2963
PROD0264,Aspernatur Comics,Books,Comics,44426
PROD0265,Doloremque Shoes,Clothing,Shoes,40115
PROD0266,Facilis Lamp,Home,Lamp,15435
PROD0267,Ducimus Jacket,Clothing,Jacket,30837
PROD0268,Quas Jacket,Clothing,Jacket,44553
PROD0269,Necessitatibus Biography,Books,Biography,18566
PROD0270,Sapiente Biography,Books,Biography,10720
PROD0271,   Recusandae Jeans   ,Clothing,Jeans,16484
PROD0272,Tempore Camera,Electronics,Camera,24427
PROD0273,Ad Mobile,Electronics,Mobile,18781
PROD0274,Ut Laptop,Electronics,Laptop,17977
PROD0275,Id Education,Books,Education,28770
PROD0276,bLANDITIIS lAPTOP,Electronics,Laptop,29665
PROD0277,Esse Chair,Home,Chair,27290
PROD0278,Occaecati Camera,Electronics,Camera,32999
PROD0279,   Sequi Table   ,Home,Table,25407
PROD0280,Optio Headphones,Electronics,Headphones,14815
PROD0281,Perspiciatis Headphones,Electronics,Headphones,6593
PROD0282,Dolores Table,Home,Table,9117
PROD0283,Est Headphones,Electronics,Headphones,31062
PROD0284,Neque Shoes,Clothing,Shoes,29499
PROD0285,Sapiente Mobile,Electronics,Mobile,1345
PROD0286,Dicta Table,Home,Table,9898
PROD0287,Reprehenderit Novel,Books,Novel,18981
PROD0288,Ducimus Jacket,Clothing,Jacket,8085
PROD0289,Soluta Laptop,Electronics,Laptop,27613
PROD0290,Unde Novel,Books,Novel,7365
PROD0291,Quaerat Novel,Books,Novel,41515
PROD0292,Fuga Jeans,Clothing,Jeans,19188
PROD0293,Doloremque Novel,Books,Novel,40392
PROD0294,Vitae Table,Home,Table,37499
PROD0295,Laboriosam Education,Books,Education,43640
PROD0296,Odit Headphones,Electronics,Headphones,4535
PROD0297,Saepe Camera,Electronics,Camera,30910
PROD0298,Rerum Camera,Electronics,Camera,24564
PROD0299,Atque Chair,Home,Chair,23502
PROD0300,Eum Headphones,Electronics,Headphones,15902
PROD0301,Minus Headphones,Electronics,Headphones,8843
PROD0302,Molestiae Headphones,Electronics,Headphones,35883
PROD0303,Delectus Table,Home,Table,44971
PROD0304,Corrupti Biography,Books,Biography,41501
PROD0305,Ad Jeans,Clothing,Jeans,4235
PROD0306,Eligendi Novel,Books,Novel,19331
PROD0307,Quasi Shirt,Clothing,Shirt,13172
PROD0308,Quae Headphones,Electronics,Headphones,20421
PROD0309,Vitae Biography,Books,Biography,16701
PROD0310,Nihil Laptop,Electronics,Laptop,18850
PROD0311,Distinctio Chair,Home,Chair,43074
PROD0312,Sequi Sofa,Home,Sofa,8257
PROD0313,Consequatur Lamp,Home,Lamp,26315
PROD0314,Dolorum Biography,Books,Biography,22319
PROD0315,Pariatur Shoes,Clothing,Shoes,45455
PROD0316,Sint Comics,Books,Comics,34131
PROD0317,Sapiente Chair,Home,Chair,47750
PROD0318,Amet Novel,Books,Novel,28320
PROD0319,Quibusdam Jacket,Clothing,Jacket,21150
PROD0320,Provident Mobile,Electronics,Mobile,21590
PROD0321,Cumque Sofa,Home,Sofa,29323
PROD0322,Consectetur Education,Books,Education,45304
PROD0323,Perspiciatis Comics,Books,Comics,29403
PROD0324,Unde Headphones,Electronics,Headphones,40394
PROD0325,Delectus Comics,Books,Comics,42008
PROD0326,Sed Mobile,Electronics,Mobile,44086
PROD0327,Quis Comics,Books,Comics,33725
PROD0328,A Shirt,Clothing,Shirt,9457
PROD0329,Veritatis Novel,Books,Novel,8372
PROD0330,Totam Laptop,Electronics,Laptop,42381
PROD0331,Non Sofa,Home,Sofa,25190
PROD0332,Quasi Laptop,Electronics,Laptop,44603
PROD0333,Nihil Comics,Books,Comics,24480
PROD0334,Maxime Novel,Books,Novel,37712
PROD0335,Aperiam Jacket,Clothing,Jacket,26185
PROD0336,Voluptatem Sofa,Home,Sofa,16458
PROD0337,Quia Mobile,Electronics,Mobile,48313
PROD0338,Nobis Shoes,Clothing,Shoes,34030
PROD0339,Eum Novel,Books,Novel,17255
PROD0340,Perspiciatis Lamp,Home,Lamp,14162
PROD0341,Modi Lamp,Home,Lamp,13218
PROD0342,Laudantium Laptop,Electronics,Laptop,4953
PROD0343,Repudiandae Education,Books,Education,46851
PROD0344,Voluptatem Novel,Books,Novel,44790
PROD0345,   Repellat Sofa   ,Home,Sofa,46600
PROD0346,Consequuntur Headphones,Electronics,Headphones,19757
PROD0347,Nisi Jeans,Clothing,Jeans,23790
PROD0348,Deleniti Shirt,Clothing,Shirt,13271
PROD0349,Facere Jeans,Clothing,Jeans,32476
PROD0350,Perferendis Headphones,Electronics,Headphones,36408
PROD0351,Eveniet Lamp,Home,Lamp,36252
PROD0352,Blanditiis Shirt,Clothing,Shirt,4408
PROD0353,Id Lamp,Home,Lamp,47084
PROD0354,Sapiente Biography,Books,Biography,26932
PROD0355,Quisquam Laptop,Electronics,Laptop,20876
PROD0356,Nemo Camera,Electronics,Camera,30628
PROD0357,Facere Table,Home,Table,36230
PROD0358,Eaque Jeans,Clothing,Jeans,28452
PROD0359,Ab Mobile,Electronics,Mobile,34054
PROD0360,Voluptatum Jacket,Clothing,Jacket,10890
PROD0361,Ab Jacket,Clothing,Jacket,46586
PROD0362,Repellat Jacket,Clothing,Jacket,34106
PROD0363,Quasi Chair,Home,Chair,16523
PROD0364,Cumque Jacket,Clothing,Jacket,8303
PROD0365,Quasi Chair,Home,Chair,33036
PROD0366,Ab Jeans,Clothing,Jeans,11319
PROD0367,Minus Chair,Home,Chair,1959
PROD0368,Ullam Mobile,Electronics,Mobile,42138
PROD0369,   Enim Table   ,Home,Table,37595
PROD0370,Voluptas Novel,Books,Novel,32739
PROD0371,Ipsam Sofa,Home,Sofa,31750
PROD0372,Nemo Shoes,Clothing,Shoes,19592
PROD0373,   Magni Novel   ,Books,Novel,45228
PROD0374,Corrupti Laptop,Electronics,Laptop,28909
PROD0375,Dolor Biography,Books,Biography,30537
PROD0376,Nobis Jacket,Clothing,Jacket,39858
PROD0377,Totam Jacket,Clothing,Jacket,47178
PROD0378,Reprehenderit Sofa,Home,Sofa,26230
PROD0379,Explicabo Jacket,Clothing,Jacket,33849
PROD0380,Facilis Headphones,Electronics,Headphones,15942
PROD0381,Quidem Novel,Books,Novel,17629
PROD0382,Nisi Education,Books,Education,9332
PROD0383,Recusandae Mobile,Electronics,Mobile,19119
PROD0384,Maiores Biography,Books,Biography,16370
PROD0385,Similique Jacket,Clothing,Jacket,37959
PROD0386,Harum Table,Home,Table,10542
PROD0387,Vero Biography,Books,Biography,32786
PROD0388,nAM lAMP,Home,Lamp,1618
PROD0389,Enim Camera,Electronics,Camera,33224
PROD0390,Neque Education,Books,Education,14199
PROD0391,Quod Chair,Home,Chair,3412
PROD0392,Quos Lamp,Home,Lamp,39258
PROD0393,Perspiciatis Comics,Books,Comics,35272
PROD0394,Dolorum Mobile,Electronics,Mobile,28341
PROD0395,Maxime Jacket,Clothing,Jacket,47777
PROD0396,Ratione Lamp,Home,Lamp,24082
PROD0397,Quos Camera,Electronics,Camera,3452
PROD0398,Perspiciatis Jacket,Clothing,Jacket,36356
PROD0399,Explicabo Chair,Home,Chair,25419
PROD0400,Inventore Comics,Books,Comics,40944
PROD0401,Repellat Laptop,Electronics,Laptop,6436
PROD0402,Laborum Comics,Books,Comics,22322
PROD0403,Voluptatibus Table,Home,Table,13145
PROD0404,Nam Novel,Books,Novel,3069
PROD0405,Deserunt Laptop,Electronics,Laptop,46865
PROD0406,Unde Lamp,Home,Lamp,34134
PROD0407,Cumque Education,Books,Education,39831
PROD0408,Eum Jacket,Clothing,Jacket,40278
PROD0409,Occaecati Table,Home,Table,25852
PROD0410,Voluptates Sofa,Home,Sofa,33347
PROD0411,Dolorem Comics,Books,Comics,31222
PROD0412,Consequuntur Headphones,Electronics,Headphones,21808
PROD0413,Error Camera,Electronics,Camera,38353
PROD0414,Quaerat Chair,Home,Chair,39219
PROD0415,Natus Comics,Books,Comics,43064
PROD0416,Labore Shirt,Clothing,Shirt,38341
PROD0417,Quo Education,Books,Education,34456
PROD0418,Sint Education,Books,Education,44712
PROD0419,Voluptatem Shirt,Clothing,Shirt,37623
PROD0420,Vitae Laptop,Electronics,Laptop,1341
PROD0421,Voluptatibus Comics,Books,Comics,27545
PROD0422,Asperiores Shoes,Clothing,Shoes,45352
PROD0423,Dolorem Shoes,Clothing,Shoes,32987
PROD0424,Molestias Novel,Books,Novel,46353
PROD0425,Tempora Jeans,Clothing,Jeans,36858
PROD0426,Ab Lamp,Home,Lamp,34537
PROD0427,Consectetur Comics,Books,Comics,11449
PROD0428,dIGNISSIMOS cOMICS,Books,Comics,35900
PROD0429,Optio Sofa,Home,Sofa,40081
PROD0430,Sapiente Education,Books,Education,16255
PROD0431,Nostrum Sofa,Home,Sofa,14836
PROD0432,Commodi Sofa,Home,Sofa,46296
PROD0433,At Shoes,Clothing,Shoes,20877
PROD0434,Fuga Comics,Books,Comics,36832
PROD0435,Est Sofa,Home,Sofa,8087
PROD0436,Maxime Biography,Books,Biography,22718
PROD0437,Beatae Jacket,Clothing,Jacket,2856
PROD0438,Sequi Chair,Home,Chair,22799
PROD0439,Amet Comics,Books,Comics,49077
PROD0440,Molestiae Education,Books,Education,13342
PROD0441,   Natus Sofa   ,Home,Sofa,9096
PROD0442,Sint Laptop,Electronics,Laptop,15989
PROD0443,Ullam Laptop,Electronics,Laptop,41908
PROD0444,Quasi Shirt,Clothing,Shirt,6666
PROD0445,Illo Comics,Books,Comics,47112
PROD0446,Saepe Novel,Books,Novel,44742
PROD0447,Aspernatur Shirt,Clothing,Shirt,36167
PROD0448,Doloribus Shoes,Clothing,Shoes,42887
PROD0449,Tempore Biography,Books,Biography,42733
PROD0450,Possimus Jacket,Clothing,Jacket,21148
PROD0451,Nulla Chair,Home,Chair,5962
PROD0452,Accusamus Shirt,Clothing,Shirt,11573
PROD0453,Eligendi Education,Books,Education,2481
PROD0454,Unde Biography,Books,Biography,12310
PROD0455,Quas Chair,Home,Chair,707
PROD0456,Illo Chair,Home,Chair,22057
PROD0457,Earum Lamp,Home,Lamp,42129
PROD0458,Aliquid Education,Books,Education,33144
PROD0459,Sapiente Comics,Books,Comics,12736
PROD0460,Quaerat Headphones,Electronics,Headphones,10749
PROD0461,Quas Comics,Books,Comics,47194
PROD0462,Voluptatem Shirt,Clothing,Shirt,48374
PROD0463,Eveniet Sofa,Home,Sofa,37310
PROD0464,Sint Jeans,Clothing,Jeans,40139
PROD0465,Dolores Biography,Books,Biography,33869
PROD0466,Veniam Chair,Home,Chair,26369
PROD0467,Amet Laptop,Electronics,Laptop,9315
PROD0468,Magni Comics,Books,Comics,16356
PROD0469,Excepturi Headphones,Electronics,Headphones,25237
PROD0470,Ullam Shoes,Clothing,Shoes,49498
PROD0471,A Sofa,Home,Sofa,19888
PROD0472,Dolore Headphones,Electronics,Headphones,42939
PROD0473,Commodi Table,Home,Table,4171
PROD0474,Harum Camera,Electronics,Camera,20206
PROD0475,Natus Shoes,Clothing,Shoes,45062
PROD0476,Libero Chair,Home,Chair,41958
PROD0477,Velit Sofa,Home,Sofa,40380
PROD0478,Nam Jeans,Clothing,Jeans,8853
PROD0479,Necessitatibus Education,Books,Education,29917
PROD0480,Repudiandae Lamp,Home,Lamp,46102
PROD0481,Eligendi Education,Books,Education,16317
PROD0482,Quas Camera,Electronics,Camera,34714
PROD0483,Accusantium Chair,Home,Chair,37073
PROD0484,Voluptatibus Mobile,Electronics,Mobile,35990
PROD0485,Atque Jeans,Clothing,Jeans,10883
PROD0486,Consectetur Lamp,Home,Lamp,7717
PROD0487,Quo Shoes,Clothing,Shoes,6059
PROD0488,Id Novel,Books,Novel,29816
PROD0489,Ratione Shoes,Clothing,Shoes,30036
PROD0490,Reprehenderit Camera,Electronics,Camera,44190
PROD0491,Laudantium Chair,Home,Chair,26048
PROD0492,Laborum Chair,Home,Chair,48977
PROD0493,Harum Shirt,Clothing,Shirt,3068
PROD0494,Et Comics,Books,Comics,46000
PROD0495,Sequi Mobile,Electronics,Mobile,4623
PROD0496,Earum Novel,Books,Novel,18914
PROD0497,Odit Education,Books,Education,8975
PROD0498,Necessitatibus Comics,Books,Comics,25166
PROD0499,Repellat Biography,Books,Biography,24718
PROD0500,Ab Laptop,Electronics,Laptop,42930
